{
  "binning": {
    "czbins": [
      -1.0,
      -0.875,
      -0.75,
      -0.625,
      -0.5,
      -0.375,
      -0.25,
      -0.125,
      0.0,
      0.125,
      0.25,
      0.375,
      0.5,
      0.625,
      0.75,
      0.875,
      1.0
    ],
    "ebins": [
        3.16227766,
        4.25878499,
        5.73550191,
        7.72426461,
        10.40262294,
        14.00969148,
        18.86749683,
        25.40972706,
        34.22044985,
        46.08625607,
        62.06648387,
        83.58779273,
        112.57153069,
        151.60526564,
        204.17379447
    ],
    "anlys_ebins": [
        5.73550191,
        7.72426461,
        10.40262294,
        14.00969148,
        18.86749683,
        25.40972706,
        34.22044985,
        46.08625607,
        62.06648387,
        83.58779273,
        112.57153069
    ],
    "oversample_cz": 1,
    "oversample_e": 1,
    "actual_oversample_cz": 20,
    "actual_oversample_e": 20 
  },
  "params": {
    "sim_ver":{
      "fixed": true,
      "value": "4digit"
    },
    "pid_remove":{
      "fixed": true,
      "value": -3.0
    },
    "pid_bound":{
      "fixed": true,
      "value": 3.0 
    },
    "PID_offset": {
      "fixed": true,
      "prior": {
        "fiducial": 0.0,
        "kind": "gaussian",
        "sigma": 0.02
      },
      "range": [
        -0.1,
        0.1
      ],
      "scale": 1.0,
      "value": 0.0
    },
    "PID_scale": {
      "fixed": true,
      "prior": {
        "fiducial": 1.0,
        "kind": "gaussian",
        "sigma": 0.02
      },
      "range": [
        0.9,
        1.1
      ],
      "scale": 1.0,
      "value": 1.0
    },
    "flux_uncertainty_inputs": {
      "fixed": true, 
	"value": "flux/flux_unc_data.json"
    }, 
    "YeI": {
      "fixed": true,
      "prior": {
        "kind": "uniform"
      },
      "range": [
        0.46,
        0.47
      ],
      "scale": 1.0,
      "value": 0.4656
    },
    "YeM": {
      "fixed": true,
      "prior": {
        "kind": "uniform"
      },
      "range": [
        0.496,
        0.495
      ],
      "scale": 1.0,
      "value": 0.4957
    },
    "YeO": {
      "fixed": true,
      "prior": {
        "kind": "uniform"
      },
      "range": [
        0.46,
        0.47
      ],
      "scale": 1.0,
      "value": 0.4656
    },
    "aeff_coszen_par": {
      "fixed": true,
      "value": "aeff/DC12/"
    },
    "aeff_egy_par": {
      "fixed": true,
      "value": {
        "NC": "aeff/DC12/nocuts/a_eff_nuall_nc.dat",
        "NC_bar": "aeff/DC12/nocuts/a_eff_nuallbar_nc.dat",
        "nue": "aeff/DC12/nocuts/a_eff_nue.dat",
        "nue_bar": "aeff/DC12/nocuts/a_eff_nuebar.dat",
        "numu": "aeff/DC12/nocuts/a_eff_numu.dat",
        "numu_bar": "aeff/DC12/nocuts/a_eff_numubar.dat",
        "nutau": "aeff/DC12/nocuts/a_eff_nutau.dat",
        "nutau_bar": "aeff/DC12/nocuts/a_eff_nutaubar.dat"
      }
    },
    "aeff_mode": {
      "fixed": true,
      "value": "MC"
    },
    "aeff_scale": {
      "fixed": false,
      "prior": {
        "kind": "uniform"
      },
      "range": [
        0.7,
        1.3
      ],
      "scale": 1.0,
      "value": 1.0
    },
    "aeff_weight_file": {
      "fixed": true,
      "value": "aeff/events__deepcore__ic86__runs_1260-1660:200__proc_v4digit__unjoined_with_fluxes.hdf5"
    },
    "atm_delta_index": {
      "fixed": false,
      "prior": {
        "fiducial": 0.0,
        "kind": "gaussian",
        "sigma": 0.05
      },
      "range": [
        -0.2,
        0.2
      ],
      "scale": 1.0,
      "value": 0.0
    },
    "turn_off_osc_NC":{
      "fixed": true,
      "value": true
    },
    "use_cut_on_trueE":{
      "fixed": true,
      "value": false
    },
    "atmos_mu_scale": {
      "fixed": false,
      "prior": {
        "kind": "uniform"
      },
      "range": [
        0.0,
        1.0
      ],
      "scale": 1.0,
      "value": 0.37
    },
    "noise_f": {
      "fixed": true,
      "prior": {
        "kind": "uniform"
      },
      "range": [
        0.0,
        1.0
      ],
      "scale": 1.0,
      "value": 0.0
    },
    "use_atmmu_f":{
      "fixed": true,
      "value": false
    },
    "atmmu_f": {
      "fixed": false,
      "prior": {
        "kind": "uniform"
      },
      "range": [
        0.0,
        0.99999
      ],
      "scale": 1.0,
      "value": 0.18
    },
    "channel": {
      "fixed": true,
      "value": "all"
    },
    "cz_reco_precision_up": {
      "fixed": false,
      "prior": {
        "fiducial": 1.0,
        "kind": "gaussian",
        "sigma": 0.05
      },
      "range": [
        0.7,
        1.3
      ],
      "scale": 1,
      "value": 1.0
    },
    "cz_reco_precision_down": {
      "fixed": true,
      "prior": {
        "fiducial": 1.0,
        "kind": "gaussian",
        "sigma": 0.05
      },
      "range": [
        0.7,
        1.3
      ],
      "scale": 1,
      "value": 1.0
    },
    "deltacp": {
      "fixed": true,
      "prior": {
        "kind": "uniform"
      },
      "range": [
        0.0,
        6.283185307179586
      ],
      "scale": 1.0,
      "value": 5.340707511102648
    },
    "deltam21": {
      "fixed": true,
      "prior": {
        "fiducial": 7.5e-05,
        "kind": "gaussian",
        "sigma": 2e-06
      },
      "range": [
        7e-05,
        8e-05
      ],
      "scale": 10000.0,
      "value": 7.5e-05
    },
    "deltam31_ih": {
      "fixed": false,
      "prior": {
        "kind": "uniform"
      },
      "range": [
        -0.1,
        0.00
      ],
      "scale": 100.0,
      "value": -0.00237
    },
    "deltam31_nh": {
      "fixed": false,
      "prior": {
        "kind": "uniform"
      },
      "range": [
        0.0,
        0.1
      ],
      "scale": 100.0,
      "value": 0.00246
    },
    "detector_depth": {
      "fixed": true,
      "value": 2.0
    },
    "dom_eff": {
      "fixed": false,
      "prior": {
        "fiducial": 1.0,
        "kind": "gaussian",
        "sigma": 0.1
      },
      "range": [
        0.85,
        1.15
      ],
      "scale": 1.0,
      "value": 1.0
    },
    "e_reco_precision_up": {
      "fixed": true,
      "prior": {
        "fiducial": 1.0,
        "kind": "gaussian",
        "sigma": 0.05
      },
      "range": [
        0.7,
        1.3
      ],
      "scale": 1,
      "value": 1.0
    },
    "e_reco_precision_down": {
      "fixed": true,
      "prior": {
        "fiducial": 1.0,
        "kind": "gaussian",
        "sigma": 0.05
      },
      "range": [
        0.7,
        1.3
      ],
      "scale": 1,
      "value": 1.0
    },
    "earth_model": {
      "fixed": true,
      "value": "oscillations/PREM_12layer.dat"
    },
    "energy_scale": {
      "fixed": true,
      "prior": {
        "fiducial": 1.0,
        "kind": "gaussian",
        "sigma": 0.1
      },
      "range": [
        0.7,
        1.3
      ],
      "scale": 1.0,
      "value": 1.0
    },
    "flux_mode": {
      "fixed": true,
      "value": "integral-preserving"
    },
    "flux_file": {
      "fixed": true,
      "value": "flux/spl-nu-20-01-000-solmin-aa-2014.d"
    },
    "flux_hadronic_A": {
      "fixed": true,
      "filestring":"UNCF_A",	
      "prior": {
        "fiducial": 0.0, 
        "kind": "gaussian", 
        "sigma": 1.0
      }, 
      "range": [
        -3.0, 
        3.0
      ], 
      "scale": 1.0, 
      "value": 0.0
    }, 
    "flux_hadronic_B": {
      "fixed": true, 
      "prior": {
        "fiducial": 0.0, 
        "kind": "gaussian", 
        "sigma": 1.0
      }, 
      "range": [
        -3.0, 
        3.0
      ], 
      "scale": 1.0, 
      "value": 0.0
    }, 
    "flux_hadronic_C": {
      "fixed": true, 
      "prior": {
        "fiducial": 0.0, 
        "kind": "gaussian", 
        "sigma": 1.0
      }, 
      "range": [
        -3.0, 
        3.0
      ], 
      "scale": 1.0, 
      "value": 0.0
    }, 
    "flux_hadronic_D": {
      "fixed": true, 
      "prior": {
        "fiducial": 0.0,