{
  "binning": {
    "czbins": [
      -1.0,
      -0.875,
      -0.75,
      -0.625,
      -0.5,
      -0.375,
      -0.25,
      -0.125,
      0.0,
      0.125,
      0.25,
      0.375,
      0.5,
      0.625,
      0.75,
      0.875,
      1.0
    ],
    "ebins": [
        3.16227766,
        4.25878499,
        5.73550191,
        7.72426461,
        10.40262294,
        14.00969148,
        18.86749683,
        25.40972706,
        34.22044985,
        46.08625607,
        62.06648387,
        83.58779273,
        112.57153069,
        151.60526564,
        204.17379447
    ],
    "anlys_ebins": [
        5.73550191,
        7.72426461,
        10.40262294,
        14.00969148,
        18.86749683,
        25.40972706,
        34.22044985,
        46.08625607,
        62.06648387,
        83.58779273,
        112.57153069
    ],
    "oversample_cz": 10,
    "oversample_e": 10,
    "actual_oversample_cz": 1,
    "actual_oversample_e": 1
  },
  "params": {
    "sim_ver":{
      "fixed": true,
      "value": "5digit"
    },
    "PID_offset": {
      "fixed": true,
      "prior": {
        "fiducial": 0.0,
        "kind": "gaussian",
        "sigma": 0.02
      },
      "range": [
        -0.1,
        0.1
      ],
      "scale": 1.0,
      "value": 0.0
    },
    "PID_scale": {
      "fixed": true,
      "prior": {
        "fiducial": 1.0,
        "kind": "gaussian",
        "sigma": 0.02
      },
      "range": [
        0.9,
        1.1
      ],
      "scale": 1.0,
      "value": 1.0
    },
    "YeI": {
      "fixed": true,
      "prior": {
        "kind": "uniform"
      },
      "range": [
        0.46,
        0.47
      ],
      "scale": 1.0,
      "value": 0.4656
    },
    "YeM": {
      "fixed": true,
      "prior": {
        "kind": "uniform"
      },
      "range": [
        0.496,
        0.495
      ],
      "scale": 1.0,
      "value": 0.4957
    },
    "YeO": {
      "fixed": true,
      "prior": {
        "kind": "uniform"
      },
      "range": [
        0.46,
        0.47
      ],
      "scale": 1.0,
      "value": 0.4656
    },
    "aeff_coszen_par": {
      "fixed": true,
      "value": "aeff/DC12/"
    },
    "aeff_egy_par": {
      "fixed": true,
      "value": {
        "NC": "aeff/DC12/nocuts/a_eff_nuall_nc.dat",
        "NC_bar": "aeff/DC12/nocuts/a_eff_nuallbar_nc.dat",
        "nue": "aeff/DC12/nocuts/a_eff_nue.dat",
        "nue_bar": "aeff/DC12/nocuts/a_eff_nuebar.dat",
        "numu": "aeff/DC12/nocuts/a_eff_numu.dat",
        "numu_bar": "aeff/DC12/nocuts/a_eff_numubar.dat",
        "nutau": "aeff/DC12/nocuts/a_eff_nutau.dat",
        "nutau_bar": "aeff/DC12/nocuts/a_eff_nutaubar.dat"
      }
    },
    "aeff_mode": {
      "fixed": true,
      "value": "MC"
    },
    "aeff_scale": {
      "fixed": false,
      "prior": {
        "kind": "uniform"
      },
      "range": [
        0.7,
        1.3
      ],
      "scale": 1.0,
      "value": 1.0
    },
    "aeff_weight_file": {
      "fixed": true,
      "value": "aeff/events__deepcore__IC86__runs_12585-16585:20000__proc_v5digit__unjoined.hdf5"
    },
    "atm_delta_index": {
      "fixed": false,
      "prior": {
        "fiducial": 0.0,
        "kind": "gaussian",
        "sigma": 0.05
      },
      "range": [
        -0.2,
        0.2
      ],
      "scale": 1.0,
      "value": 0.0
    },
    "atmos_mu_scale": {
      "fixed": false,
      "prior": {
        "kind": "uniform"
      },
      "range": [
        0.0,
        1.0
      ],
      "scale": 1.0,
      "value": 0.37
    },
    "channel": {
      "fixed": true,
      "value": "all"
    },
    "cz_reco_precision_up": {
      "fixed": false,
      "prior": {
        "fiducial": 1.0,
        "kind": "gaussian",
        "sigma": 0.05
      },
      "range": [
        0.7,
        1.3
      ],
      "scale": 1,
      "value": 1.0
    },
    "cz_reco_precision_down": {
      "fixed": true,
      "prior": {
        "fiducial": 1.0,
        "kind": "gaussian",
        "sigma": 0.05
      },
      "range": [
        0.7,
        1.3
      ],
      "scale": 1,
      "value": 1.0
    },
    "deltacp": {
      "fixed": true,
      "prior": {
        "kind": "uniform"
      },
      "range": [
        0.0,
        360.0
      ],
      "scale": 1.0,
      "value": 0.0
    },
    "deltam21": {
      "fixed": true,
      "prior": {
        "fiducial": 7.5e-05,
        "kind": "gaussian",
        "sigma": 2e-06
      },
      "range": [
        7e-05,
        8e-05
      ],
      "scale": 10000.0,
      "value": 7.5e-05
    },
    "deltam31_ih": {
      "fixed": false,
      "prior": {
        "kind": "uniform"
      },
      "range": [
        -0.1,
        0.00
      ],
      "scale": 100.0,
      "value": -0.00237
    },
    "deltam31_nh": {
      "fixed": false,
      "prior": {
        "kind": "uniform"
      },
      "range": [
        0.0,
        0.1
      ],
      "scale": 100.0,
      "value": 0.00246
    },
    "detector_depth": {
      "fixed": true,
      "value": 2.0
    },
    "dom_eff": {
      "fixed": false,
      "prior": {
        "fiducial": 1.0,
        "kind": "gaussian",
        "sigma": 0.1
      },
      "range": [
        0.85,
        1.15
      ],
      "scale": 1.0,
      "value": 1.0
    },
    "e_reco_precision_up": {
      "fixed": true,
      "prior": {
        "fiducial": 1.0,
        "kind": "gaussian",
        "sigma": 0.05
      },
      "range": [
        0.7,
        1.3
      ],
      "scale": 1,
      "value": 1.0
    },
    "e_reco_precision_down": {
      "fixed": true,
      "prior": {
        "fiducial": 1.0,
        "kind": "gaussian",
        "sigma": 0.05
      },
      "range": [
        0.7,
        1.3
      ],
      "scale": 1,
      "value": 1.0
    },
    "earth_model": {
      "fixed": true,
      "value": "oscillations/PREM_12layer.dat"
    },
    "energy_scale": {
      "fixed": true,
      "prior": {
        "fiducial": 1.0,
        "kind": "gaussian",
        "sigma": 0.1
      },
      "range": [
        0.7,
        1.3
      ],
      "scale": 1.0,
      "value": 1.0
    },
    "flux_mode": {
      "fixed": true,
      "value": "integral-preserving"
    },
    "flux_file": {
      "fixed": true,
      "value": "flux/spl-nu-20-01-000-solmin-aa-2014.d"
    },
    "NuFluxIP_file": {
      "fixed": true,
      "value": "flux/IPhonda2014_fluxes2d_aa_for_PISA_e140_cz160_avg_100epoints_100czpoints.json"
    },
    "ocelot_file": {
        "fixed": true,
        "value": "oscillations/osc_probabilities_e140_cz160_good.json"
    },
    "hole_ice": {
      "fixed": false,
      "prior": {
        "fiducial": 0.02,
        "kind": "gaussian",
        "sigma": 0.01
      },
      "range": [
        0.0,
        0.05
      ],
      "scale": 10.0,
      "value": 0.02
    },
    "icc_bg_file": {
      "fixed": true,
      "value": "background/Matt_L5b_icc_data_IC86_2_3_4.hdf5"
    },
    "livetime": {
      "fixed": true,
      "value": 2.5
    },
    "nu_nubar_ratio": {
      "fixed": false,
      "prior": {
        "fiducial": 1.0,
        "kind": "gaussian",
        "sigma": 0.1
      },
      "range": [
        0.7,
        1.3
      ],
      "scale": 1.0,
      "value": 1.0
    },
    "nue_numu_ratio": {
      "fixed": false,
      "prior": {
        "fiducial": 1.0,
        "kind": "gaussian",
        "sigma": 0.2
      },
      "range": [
        0.7,
        1.3
      ],
      "scale": 1.0,
      "value": 1.0
    },
    "nutau_norm": {
      "fixed": true,
      "prior": {
        "kind": "uniform"
      },
      "range": [
       -1.5,
        2.5
      ],
      "scale": 0.1,
      "value": 1.0
    },
    "osc_code": {
      "fixed": true,
      "value": "prob3"
    },
    "pid_kernelfile": {
      "fixed": true,
      "value": null
    },
    "pid_events": {
      "fixed": true,
      "value": "aeff/events__deepcore__IC86__runs_12585-16585:20000__proc_v5digit__joined_G_nue_cc+nuebar_cc_G_numu_cc+numubar_cc_G_nutau_cc+nutaubar_cc_G_nuall_nc+nuallbar_nc.hdf5"
    },