{
  "binning": {
    "czbins": [
      -1.0,
      -0.95,
      -0.9,
      -0.85,
      -0.8,
      -0.75,
      -0.7,
      -0.6499999999999999,
      -0.6,
      -0.55,
      -0.5,
      -0.44999999999999996,
      -0.3999999999999999,
      -0.35,
      -0.29999999999999993,
      -0.25,
      -0.19999999999999996,
      -0.1499999999999999,
      -0.09999999999999998,
      -0.04999999999999993,
      0.0
    ],
    "ebins": [
      1.0,
      1.1189152143101502,
      1.2519712568147292,
      1.4008496871290008,
      1.5674320278902525,
      1.753823543403415,
      1.9623798459294193,
      2.1957366658660353,
      2.4568431620561495,
      2.7489991931984834,
      3.075897021396111,
      3.441667974891382,
      3.850934659709971,
      4.308869380063768,
      4.821259505828494,
      5.394580613208937,
      6.03607832294206,
      6.753859870307566,
      7.556996564205913,
      8.455638430179526,
      9.461142486233467,
      10.586216272602785,
      11.845078449392947,
      13.253638491723047,
      14.829697753355552,
      16.593174439850575,
      18.566355334451114,
      20.774177458005763,
      23.244543222541612,
      26.00867306139169,
      29.101499992409718,
      32.56211110075394,
      36.434241520691025,
      40.76682715935178,
      45.614623147750926,
      51.038895835042474,
      57.108197071419966,
      63.89923056503417,
      71.49782126192889,
      79.99999999999999
    ],
    "oversample_cz": 10,
    "oversample_e": 10
  },
  "params": {
    "PID_offset": {
      "fixed": true,
      "prior": {
        "fiducial": 0.0,
        "kind": "gaussian",
        "sigma": 0.02
      },
      "range": [
        -0.1,
        0.1
      ],
      "scale": 1.0,
      "value": 0.0
    },
    "PID_scale": {
      "fixed": true,
      "prior": {
        "fiducial": 1.0,
        "kind": "gaussian",
        "sigma": 0.02
      },
      "range": [
        0.9,
        1.1
      ],
      "scale": 1.0,
      "value": 1.0
    },
    "YeI": {
      "fixed": true,
      "prior": {
        "kind": "uniform"
      },
      "range": [
        0.46,
        0.47
      ],
      "scale": 1.0,
      "value": 0.4656
    },
    "YeM": {
      "fixed": true,
      "prior": {
        "kind": "uniform"
      },
      "range": [
        0.496,
        0.495
      ],
      "scale": 1.0,
      "value": 0.4957
    },
    "YeO": {
      "fixed": true,
      "prior": {
        "kind": "uniform"
      },
      "range": [
        0.46,
        0.47
      ],
      "scale": 1.0,
      "value": 0.4656
    },
    "aeff_coszen_par": {
      "fixed": true,
      "value": "aeff/V36/V36_aeff_cz.json"
    },
    "aeff_egy_par": {
      "fixed": true,
      "value": {
        "NC": "aeff/V36/cuts_V5/a_eff_nuall_nc.dat",
        "NC_bar": "aeff/V36/cuts_V5/a_eff_nuallbar_nc.dat",
        "nue": "aeff/V36/cuts_V5/a_eff_nue.dat",
        "nue_bar": "aeff/V36/cuts_V5/a_eff_nuebar.dat",
        "numu": "aeff/V36/cuts_V5/a_eff_numu.dat",
        "numu_bar": "aeff/V36/cuts_V5/a_eff_numubar.dat",
        "nutau": "aeff/V36/cuts_V5/a_eff_nutau.dat",
        "nutau_bar": "aeff/V36/cuts_V5/a_eff_nutaubar.dat"
      }
    },
    "aeff_mode": {
      "fixed": true,
      "value": "param"
    },
    "aeff_scale": {
      "fixed": false,
      "prior": {
        "kind": "uniform"
      },
      "range": [
        0.7,
        1.3
      ],
      "scale": 1.0,
      "value": 1.0
    },
    "aeff_weight_file": {
      "fixed": true,
      "value": null
    },
    "atm_delta_index": {
      "fixed": true,
      "prior": {
        "fiducial": 0.0,
        "kind": "gaussian",
        "sigma": 0.05
      },
      "range": [
        -0.2,
        0.2
      ],
      "scale": 1.0,
      "value": 0.0
    },
    "channel": {
      "fixed": true,
      "value": "all"
    },
    "cz_reco_scale": {
      "fixed": true,
      "prior": {
        "fiducial": 1.0,
        "kind": "gaussian",
        "sigma": 0.02
      },
      "range": [
        0.9,
        1.1
      ],
      "scale": 1.0,
      "value": 1.0
    },
    "deltacp": {
      "fixed": true,
      "prior": {
        "kind": "uniform"
      },
      "range": [
        0.0,
        6.283185307179586
      ],
      "scale": 1.0,
      "value": 0.0
    },
    "deltam21": {
      "fixed": true,
      "prior": {
        "fiducial": 7.5e-05,
        "kind": "gaussian",
        "sigma": 2e-06
      },
      "range": [
        7e-05,
        8e-05
      ],
      "scale": 10000.0,
      "value": 7.5e-05
    },
    "deltam31_ih": {
      "fixed": false,
      "prior": {
        "fiducial": -0.00237,
        "kind": "gaussian",
        "sigma": 5e-05
      },
      "range": [
        -0.0025,
        -0.0022
      ],
      "scale": 100.0,
      "value": -0.00237
    },
    "deltam31_nh": {
      "fixed": false,
      "prior": {
        "fiducial": 0.00246,
        "kind": "gaussian",
        "sigma": 5e-05
      },
      "range": [
        0.0023,
        0.0026
      ],
      "scale": 100.0,
      "value": 0.00246
    },
    "detector_depth": {
      "fixed": true,
      "value": 2.0
    },
    "e_reco_scale": {
      "fixed": true,
      "prior": {
        "fiducial": 1.0,
        "kind": "gaussian",
        "sigma": 0.02
      },
      "range": [
        0.9,
        1.1
      ],
      "scale": 1.0,
      "value": 1.0
    },
    "earth_model": {
      "fixed": true,
      "value": "oscillations/PREM_12layer.dat"
    },
    "energy_scale": {
      "fixed": false,
      "prior": {
        "fiducial": 1.0,
        "kind": "gaussian",
        "sigma": 0.1
      },
      "range": [
        0.7,
        1.3
      ],
      "scale": 1.0,
      "value": 1.0
    },
    "flux_file": {
      "fixed": true,
      "value": "flux/frj-solmin-mountain-aa.d"
    },
    "livetime": {
      "fixed": true,
      "value": 1.0
    },
    "nu_nubar_ratio": {
      "fixed": false,
      "prior": {
        "fiducial": 1.0,
        "kind": "gaussian",
        "sigma": 0.1
      },
      "range": [
        0.7,
        1.3
      ],
      "scale": 1.0,
      "value": 1.0
    },
    "nue_numu_ratio": {
      "fixed": false,
      "prior": {
        "fiducial": 1.0,
        "kind": "gaussian",
        "sigma": 0.03
      },
      "range": [
        0.7,
        1.3
      ],
      "scale": 1.0,
      "value": 1.0
    },
    "osc_code": {
      "fixed": true,
      "value": "prob3"
    },
    "pid_kernelfile": {
      "fixed": true,
      "value": null
    },
    "pid_mode": {
      "fixed": true,
      "value": "param"
    },
    "pid_paramfile": {
      "fixed": true,
      "value": "pid/V36_pid_recoEgy.json"
    },
    "prop_height": {
      "fixed": true,
      "value": 20.0
    },
    "reco_kernel_file": {
      "fixed": true,
      "value": null
    },
    "reco_mc_wt_file": {
      "fixed": true,
      "value": "events/events__pingu__v36__runs_388-390__proc_v5__joined_G_nue_cc+nuebar_cc_G_numu_cc+numubar_cc_G_nutau_cc+nutaubar_cc_G_nuall_nc+nuallbar_nc.hdf5"
    },
    "reco_mode": {
      "fixed": true,
      "value": "vbwkde"
    },
    "reco_param_file": {
      "fixed": true,
      "value": "reco/V36.json"
    },
    "reco_vbwkde_evts_file": {
      "fixed": true,
      "value": "events/events__pingu__v36__runs_388-390__proc_v5__joined_G_nue_cc+nuebar_cc_G_numu_cc+numubar_cc_G_nutau_cc+nutaubar_cc_G_nuall_nc+nuallbar_nc.hdf5"
    },
    "theta12": {
      "fixed": true,
      "prior": {
        "fiducial": 0.5846852994181004,
        "kind": "gaussian",
        "sigma": 0.013962634015954637
      },
      "range": [
        0.5462880558742251,
        0.6283185307179586
      ],
      "scale": 1.0,
      "value": 0.5846852994181004
    },
    "theta13": {
      "fixed": false,
      "prior": {
        "fiducial": 0.14835298641951802,
        "kind": "gaussian",
        "sigma": 0.003490658503988659
      },
      "range": [
        0.13700834628155487,
        0.158824961931484
      ],
      "scale": 1.0,
      "value": 0.14835298641951802
    },