{
  "czbin_midpoints": [
    -0.9375,
    -0.8125,
    -0.6875,
    -0.5625,
    -0.4375,
    -0.3125,
    -0.1875,
    -0.0625,
    0.0625,
    0.1875,
    0.3125,
    0.4375,
    0.5625,
    0.6875,
    0.8125,
    0.9375
  ],
  "nuall_nc+nuallbar_nc": {
    "histo": [
      2.130832656220238e-05,
      1.979527204793937e-05,
      2.1357610125711285e-05,
      2.0161668222268963e-05,
      2.0222026810186416e-05,
      2.22610060263662e-05,
      2.1264243948125252e-05,
      2.078529899714684e-05,
      1.9725018334409578e-05,
      2.079398829857999e-05,
      2.142933213748118e-05,
      2.0508449174142316e-05,
      1.9213022841695885e-05,
      2.0726955244701717e-05,
      1.9670500281262824e-05,
      2.070343251844989e-05
    ],
    "histo_err": [
      3.851391602792606e-07,
      3.6116986804807256e-07,
      3.9416188732583043e-07,
      3.749750899162685e-07,
      3.8019658191789357e-07,
      4.1245307415717845e-07,
      3.9957961255228846e-07,
      3.967209194660665e-07,
      3.8230800354760653e-07,
      4.0092363129023066e-07,
      4.119502208114938e-07,
      3.942474787169108e-07,
      3.8189997196612017e-07,
      4.0798247417169104e-07,
      3.954718339261662e-07,
      4.10876218171033e-07
    ],
    "smooth": [
      2.1056727415838894e-05,
      2.0487561641429716e-05,
      2.0405110982761628e-05,
      2.0567425504589918e-05,
      2.080118489528073e-05,
      2.0992799461452905e-05,
      2.1079511122619746e-05,
      2.1040494405830863e-05,
      2.088795744031395e-05,
      2.0658242952116603e-05,
      2.040292925874811e-05,
      2.0179931263821277e-05,
      2.0044601451694235e-05,
      2.004083088211221e-05,
      2.0192150184849358e-05,
      2.0492830554350572e-05
    ]
  },
  "nue_cc+nuebar_cc": {
    "histo": [
      7.088045505441388e-05,
      6.974935312566688e-05,
      6.899603018587014e-05,
      6.935063865213014e-05,
      6.893448646421188e-05,
      7.348224414588145e-05,
      7.069502948015653e-05,
      7.450816417406528e-05,
      7.119598375128959e-05,
      7.398750056322056e-05,
      7.622347789549403e-05,
      7.352399431076722e-05,
      7.535680050193361e-05,
      7.13392612265781e-05,
      7.360796028519118e-05,
      7.546997868673835e-05
    ],
    "histo_err": [
      1.1001455093878516e-06,
      1.0883731838623251e-06,
      1.0755712468383466e-06,
      1.0995578298484704e-06,
      1.0953026121533744e-06,
      1.145924113164158e-06,
      1.1208732133844154e-06,
      1.1964648944187405e-06,
      1.1394639529085347e-06,
      1.1672217996657164e-06,
      1.2148035526151951e-06,
      1.1677833257568263e-06,
      1.2099364522917011e-06,
      1.148394802553881e-06,
      1.182466729243061e-06,
      1.2156774815821554e-06
    ],
    "smooth": [
      7.078405989469349e-05,
      6.974728411417169e-05,
      6.925177290733785e-05,
      6.932836844578309e-05,
      6.99046789632483e-05,
      7.083506512919416e-05,
      7.193062642237114e-05,
      7.298918750438961e-05,
      7.382528459328975e-05,
      7.430015183711168e-05,
      7.435170768746538e-05,
      7.402454127310076e-05,
      7.349989877347777e-05,
      7.312566979233626e-05,
      7.344637373126614e-05,
      7.523314616327733e-05
    ]
  },
  "numu_cc+numubar_cc": {
    "histo": [
      5.225240192758133e-05,
      5.90433924085576e-05,
      6.420388932608541e-05,
      6.615538518238735e-05,
      7.142858208303437e-05,
      7.378677719309474e-05,
      7.236686828933731e-05,
      7.136371037310176e-05,
      7.006034432253422e-05,
      6.996520188227706e-05,
      7.002314648323048e-05,
      6.832134618539097e-05,
      6.913861605155248e-05,
      5.800803355553613e-05,
      5.4704567384160234e-05,
      5.110779423886564e-05
    ],
    "histo_err": [
      8.502228378651117e-07,
      9.390914689343505e-07,
      1.0236327203945688e-06,
      1.0564933828233434e-06,
      1.1282573533053616e-06,
      1.1628980885561137e-06,
      1.150857218942947e-06,
      1.128218316821432e-06,
      1.1235932959481389e-06,
      1.1135084564931737e-06,
      1.1280857606435405e-06,
      1.1075901489855527e-06,
      1.1423579875160942e-06,
      9.781421168968094e-07,
      9.332478762742875e-07,
      9.017774464231216e-07
    ],
    "smooth": [
      5.199848238537449e-05,
      5.933654120841309e-05,
      6.436447036684904e-05,
      6.774346649839745e-05,
      6.995846898823956e-05,
      7.134166075560448e-05,
      7.209596904035139e-05,
      7.231856618955143e-05,
      7.202437044406965e-05,
      7.116954672514707e-05,
      6.967500742098252e-05,
      6.744991317331474e-05,
      6.44151736640043e-05,
      6.052694840161563e-05,
      5.580014750799889e-05,
      5.033193250487203e-05
    ]
  },
  "nutau_cc+nutaubar_cc": {
    "histo": [
      4.383215948872281e-05,
      4.323378784248452e-05,
      4.3690866409700816e-05,
      4.4877550989650495e-05,
      4.351962894233524e-05,
      4.595472414007381e-05,
      4.5328039871128924e-05,
      4.159666943091775e-05,
      4.6114310603228e-05,
      4.465777640572211e-05,
      4.416508297909984e-05,
      4.525443431637814e-05,
      4.586113013497895e-05,
      4.452438191353496e-05,
      4.445900480139261e-05,
      4.481851298936679e-05
    ],
    "histo_err": [
      9.762197817216263e-07,
      9.725900380894152e-07,
      9.947742690484993e-07,
      9.977717593969397e-07,
      9.709463097029648e-07,
      1.024509937347995e-06,
      1.0270047752055473e-06,
      9.466020092562878e-07,
      1.0434811275234874e-06,
      1.0005814056582962e-06,
      9.991179719525592e-07,
      1.0245484623303311e-06,
      1.0414917835748794e-06,
      1.012440860882781e-06,
      1.0026929934075595e-06,
      1.0162431713574324e-06
    ],
    "smooth": [
      4.354311182441936e-05,
      4.3727830066078396e-05,
      4.3962688970219164e-05,
      4.4174432516922824e-05,
      4.432769139030584e-05,
      4.441649897412276e-05,
      4.445580734736893e-05,
      4.447300327988322e-05,
      4.449942422795072e-05,
      4.456187432990544e-05,
      4.4674140401733106e-05,
      4.4828507932673784e-05,
      4.498727708082468e-05,
      4.507427866874279e-05,
      4.496639017904767e-05,
      4.448505175002413e-05
    ]
  }
}