{ 
  "steps" :
    {
      "desc": "steps for each paramter, can either be the number or a list of step values",
      "*" : 10,
      "theta23" : [ 0.6331    ,  0.65047412,  0.66768276,  0.68475041,  0.70169994,
                    0.71855288,  0.73532974,  0.75205019,  0.76873337,  0.785398  ],
      "deltam31" : 10 
    }
}
