{
  "ebins": [
    1.0,
    1.115776601291768,
    1.244957423990209,
    1.38909436329275,
    1.549918987548337,
    1.7293633402042616,
    1.9295831501316907,
    2.152983729163801,
    2.402248867962862,
    2.6803730773525998,
    2.990697562442441,
    3.3369503617136016,
    3.7232911332721383,
    4.154361126302161,
    4.635338938044067,
    5.172002726126203,
    5.770799623628854,
    6.438923190788416,
    7.184399833796646,
    8.016185228874765,
    8.944271909999157,
    9.97980931276829,
    11.135237716540537,
    12.424437693937508,
    13.862896863102923,
    15.467895945971293,
    17.258716367730567,
    19.25687189144502,
    21.486367070547505,
    23.973985624082857,
    26.749612199056877,
    29.8465913853365,
    33.30212829607492,
    37.15773552597689,
    41.459731856872885,
    46.259798701729665,
    51.61560097185727,
    57.59147982601098,
    64.25922562362996,
    71.69894036797473,
    79.99999999999999
  ],
  "sim_wt_arrays": {
    "numu": "$PISA/resources/data_files/V15_numu_sim_wt_array.hdf5",
    "nue_bar": "$PISA/resources/data_files/V15_nue_bar_sim_wt_array.hdf5",
    "nutau_bar": "$PISA/resources/data_files/V15_numu_bar_sim_wt_array.hdf5",
    "nue": "$PISA/resources/data_files/V15_nue_sim_wt_array.hdf5",
    "nutau": "$PISA/resources/data_files/V15_nutau_sim_wt_array.hdf5",
    "numu_bar": "$PISA/resources/data_files/V15_numu_bar_sim_wt_array.hdf5"
  },
  "params": {
    "tables": "$PISA/resources/flux/frj-solmin-mountain-aa.d",
    "runtime": 1.0,
    "nu_bar_xsec_scale": 0.15,
    "e_reco_scale": 1.0,
    "nu_xsec_scale": 0.15
  },
  "osc": {
    "deltam31_nh": {
      "max": 0.0026,
      "best": 0.00246,
      "min": 0.0023
    },
    "theta23": {
      "max": 45.0,
      "best": 38.6455,
      "min": 36.0
    },
    "deltacp": {
      "max": 6.283185307179586,
      "best": 3.141592653589793,
      "min": 0.0
    },
    "deltam21": {
      "max": 7.8e-05,
      "best": 7.54e-05,
      "min": 7.32e-05
    },
    "deltam31_ih": {
      "max": -0.0022,
      "best": -0.00238,
      "min": -0.0025
    },
    "theta12": {
      "max": 34.76,
      "best": 33.6471,
      "min": 32.65
    },
    "theta13": {
      "max": 9.4,
      "best": 8.931,
      "min": 8.4
    }
  },
  "czbins": [
    -1.0,
    -0.95,
    -0.9,
    -0.85,
    -0.8,
    -0.75,
    -0.7,
    -0.6499999999999999,
    -0.6,
    -0.55,
    -0.5,
    -0.44999999999999996,
    -0.3999999999999999,
    -0.35,
    -0.29999999999999993,
    -0.25,
    -0.19999999999999996,
    -0.1499999999999999,
    -0.09999999999999998,
    -0.04999999999999993,
    0.0,
    0.050000000000000044,
    0.10000000000000009,
    0.15000000000000013,
    0.20000000000000018,
    0.25,
    0.30000000000000004,
    0.3500000000000001,
    0.40000000000000013,
    0.4500000000000002,
    0.5,
    0.55,
    0.6000000000000001,
    0.6500000000000001,
    0.7000000000000002,
    0.75,
    0.8,
    0.8500000000000001,
    0.9000000000000001,
    0.9500000000000002,
    1.0
  ]
}
