{
  "czbin_midpoints": [
    -0.9375,
    -0.8125,
    -0.6875,
    -0.5625,
    -0.4375,
    -0.3125,
    -0.1875,
    -0.0625,
    0.0625,
    0.1875,
    0.3125,
    0.4375,
    0.5625,
    0.6875,
    0.8125,
    0.9375
  ],
  "nuall_nc+nuallbar_nc": {
    "histo": [
      2.008502518393172e-05,
      2.1394268083974737e-05,
      2.1802385964875937e-05,
      1.9785580303426495e-05,
      2.0854307108600063e-05,
      2.1039432992055994e-05,
      2.0877707307903006e-05,
      2.1319808568633703e-05,
      2.069618898669606e-05,
      2.0745298966655914e-05,
      2.0204150878011428e-05,
      2.17280745303247e-05,
      2.1130030824577827e-05,
      2.1036858803249157e-05,
      2.1893647433551546e-05,
      2.006383304614493e-05
    ],
    "histo_err": [
      3.7537185504923735e-07,
      3.9571546728239053e-07,
      4.008712763173164e-07,
      3.7599954086214524e-07,
      3.9673939103767296e-07,
      3.9946690351432323e-07,
      4.05717568799222e-07,
      4.056686657881189e-07,
      4.042563691147906e-07,
      4.0645814813648317e-07,
      3.9792309562476294e-07,
      4.2910367289114185e-07,
      4.2837989114035135e-07,
      4.242302448598637e-07,
      4.391925085142889e-07,
      4.1379724110164587e-07
    ],
    "smooth": [
      2.041430326547141e-05,
      2.0811106791064274e-05,
      2.1005427831959814e-05,
      2.104343414884103e-05,
      2.0977828901965742e-05,
      2.086296463512646e-05,
      2.0749957259610335e-05,
      2.0681800038159037e-05,
      2.0688477568928636e-05,
      2.0782079769449545e-05,
      2.0951915860586382e-05,
      2.1159628350497886e-05,
      2.133430701859686e-05,
      2.136760289950999e-05,
      2.1108842267037818e-05,
      2.0360140618114603e-05
    ]
  },
  "nue_cc+nuebar_cc": {
    "histo": [
      7.020786456924633e-05,
      7.375323161581436e-05,
      6.627548497505183e-05,
      7.157879197508142e-05,
      7.329518784493154e-05,
      7.460389334192535e-05,
      6.927719404286272e-05,
      7.123178965706964e-05,
      7.745078023095008e-05,
      7.15533188291874e-05,
      7.292376913965117e-05,
      7.486564756288852e-05,
      7.787521767153567e-05,
      7.76287183526013e-05,
      7.765356984192275e-05,
      7.881815985498303e-05
    ],
    "histo_err": [
      1.0935326893565292e-06,
      1.1480579754705005e-06,
      1.0484317747740842e-06,
      1.12781958928332e-06,
      1.1651784321196152e-06,
      1.1905045015082371e-06,
      1.1185386356632669e-06,
      1.1444426852497398e-06,
      1.2173222084905541e-06,
      1.1476844884236203e-06,
      1.1862621170754574e-06,
      1.193769866869095e-06,
      1.2611474640756814e-06,
      1.241146345845896e-06,
      1.2587139159998511e-06,
      1.2674744259596593e-06
    ],
    "smooth": [
      7.099553696796103e-05,
      7.007775916559318e-05,
      7.028158381297049e-05,
      7.093373350363897e-05,
      7.16208393619045e-05,
      7.214115449812097e-05,
      7.245626746397878e-05,
      7.264281570779294e-05,
      7.284419902979152e-05,
      7.322229303740386e-05,
      7.390916260054898e-05,
      7.495877530692376e-05,
      7.629871491729139e-05,
      7.768189482076956e-05,
      7.863827149011876e-05,
      7.842655793703073e-05
    ]
  },
  "numu_cc+numubar_cc": {
    "histo": [
      5.2310275622462495e-05,
      6.198292319526065e-05,
      6.830027554031147e-05,
      6.736700303906766e-05,
      7.054583841738551e-05,
      7.217047533845423e-05,
      6.7068775546425e-05,
      7.037673287291343e-05,
      7.465746472271711e-05,
      7.043510226961656e-05,
      7.256136436942863e-05,
      7.131155020876532e-05,
      6.777912762027389e-05,
      6.126785150492639e-05,
      5.6316563401228625e-05,
      5.3663796658711186e-05
    ],
    "histo_err": [
      8.722014200428847e-07,
      1.0044390402953943e-06,
      1.0956480184155718e-06,
      1.0798434827282071e-06,
      1.116125440755807e-06,
      1.1522598030517636e-06,
      1.0888591735214996e-06,
      1.139564095018727e-06,
      1.2069818929100776e-06,
      1.1364936040225691e-06,
      1.1743227598287019e-06,
      1.1790657579446019e-06,
      1.133912300993121e-06,
      1.0482713589186115e-06,
      9.97573981176894e-07,
      9.677403185625497e-07
    ],
    "smooth": [
      5.2030183136120304e-05,
      6.282291587248953e-05,
      6.74669101957145e-05,
      6.892599466443377e-05,
      6.917698287477647e-05,
      6.937075524584723e-05,
      6.999334080521102e-05,
      7.10269989743781e-05,
      7.211130135428892e-05,
      7.270421351079906e-05,
      7.224317676016406e-05,
      7.030618995452435e-05,
      6.677289126739027e-05,
      6.19856399791268e-05,
      5.691059826243862e-05,
      5.329881296785489e-05
    ]
  },
  "nutau_cc+nutaubar_cc": {
    "histo": [
      4.178207303287257e-05,
      4.2534498747791455e-05,
      4.788570390461037e-05,
      4.460160180089068e-05,
      4.61593050592302e-05,
      4.5141059986954294e-05,
      4.448347719237689e-05,
      4.829521602280065e-05,
      4.946330456832466e-05,
      4.7015788781030966e-05,
      5.0391730184305346e-05,
      4.8445330306362815e-05,
      4.579416028316724e-05,
      4.8087938407061464e-05,
      4.5762559127043174e-05,
      4.640793618325599e-05
    ],
    "histo_err": [
      9.287198537030433e-07,
      9.251003125760078e-07,
      1.0482011968762171e-06,
      9.862881151398508e-07,
      1.0222347701156933e-06,
      9.938529675744165e-07,
      1.00375561141972e-06,
      1.0679660742688565e-06,
      1.0687432733460943e-06,
      1.0476446355394735e-06,
      1.1009491394346407e-06,
      1.0660851485994028e-06,
      1.010192609140576e-06,
      1.0731348640199739e-06,
      1.0387177075457754e-06,
      1.0547258223467271e-06
    ],
    "smooth": [
      4.1307836491747664e-05,
      4.4298341332818315e-05,
      4.528013960360708e-05,
      4.5403274400057925e-05,
      4.5394360215488256e-05,
      4.563184465238577e-05,
      4.622127013420498e-05,
      4.7070535617164e-05,
      4.796515830204118e-05,
      4.8643535345971764e-05,
      4.887220557424455e-05,
      4.852111119209864e-05,
      4.7638859496520045e-05,
      4.652798458803837e-05,
      4.5820209082523517e-05,
      4.655170582298234e-05
    ]
  }
}