{
  "cscd": {
    "linear": [
      [
        0.5302527345833509, 
        0.6993997204595692, 
        0.6745119663796666, 
        0.6747646647575112, 
        0.6001163348130809, 
        0.6052034961085567, 
        0.8393293980194213, 
        0.8652391364511403
      ], 
      [
        0.7869587692692546, 
        0.7361802443696052, 
        0.8052010731890167, 
        0.7944230669354683, 
        0.7141846671879635, 
        0.8470457430250941, 
        0.6989991557415034, 
        1.007908485243218
      ], 
      [
        0.9158568520253452, 
        1.0587488400330283, 
        0.9466803437859171, 
        0.9286937006718339, 
        0.8703053140198662, 
        0.8645920122910056, 
        0.8550041741011255, 
        0.7730470081606167
      ], 
      [
        1.1727164666290442, 
        1.1475501567123125, 
        1.0715423183669373, 
        1.002191602184962, 
        0.9188075116381207, 
        1.0012267556656025, 
        0.9588211219222185, 
        0.9919683165861619
      ], 
      [
        1.4163182023862277, 
        1.1986947848640135, 
        1.1645190328775457, 
        0.9588267608279462, 
        1.053378145452598, 
        1.125088418321655, 
        1.1371085639774567, 
        1.0986657631299428
      ], 
      [
        1.299092849939211, 
        1.061418203600972, 
        1.0450171800578982, 
        1.2036092072596762, 
        1.1471752944778861, 
        1.1096557401486784, 
        1.2249117707902297, 
        1.2578356930618881
      ], 
      [
        1.1635039334049595, 
        1.2886845783699634, 
        1.390984973417707, 
        1.2911440558995142, 
        1.3483485322276763, 
        1.24841949973158, 
        1.2405527298274814, 
        1.193965953043227
      ], 
      [
        1.2652578681043822, 
        1.389342795768998, 
        1.4509990905873744, 
        1.542956187349923, 
        1.4791325152633719, 
        1.4837536852111217, 
        1.3337901516121875, 
        1.1571569235704293
      ]
    ], 
    "quadratic": [
      [
        1.0581672673628333, 
        -0.09030871132354656, 
        -0.7480913362348866, 
        -0.9882828348314662, 
        -1.0412066482994067, 
        2.6363538914981905, 
        -1.173359893137157, 
        -0.9331048573898156
      ], 
      [
        0.9164937884158005, 
        0.9723902688117482, 
        -0.3266494331876169, 
        -1.4312677853529823, 
        0.3950701734727672, 
        -1.2387174177314304, 
        1.0949775601190834, 
        3.111374153861504
      ], 
      [
        -0.6767765313952951, 
        0.4697874418910585, 
        1.5815257923364632, 
        -0.2810349746158082, 
        -0.787424949950543, 
        -1.721417973108125, 
        3.129313546824449, 
        -3.288155287114439
      ], 
      [
        -1.3311641371258218, 
        1.014886002041228, 
        -0.993243867103704, 
        -0.41330654835838876, 
        -0.9975603615951053, 
        -0.5067035981741788, 
        0.22777241287202865, 
        0.9475357696769683
      ], 
      [
        -0.08385821405051974, 
        0.6980624914943488, 
        1.81328655275345, 
        -0.17628325253927057, 
        -0.8326918772415286, 
        0.31377581099112506, 
        0.16893230257150638, 
        0.3909291299721699
      ], 
      [
        0.4318122574991248, 
        -0.8102287818891142, 
        1.3241314087441616, 
        -1.3723813663893227, 
        -1.7674682061075928, 
        -0.26352267300001264, 
        -0.9325837235850708, 
        -0.4810014081296163
      ], 
      [
        2.3749767924084257, 
        2.1409160465882513, 
        -0.3068986064713001, 
        0.8519159187907884, 
        0.2165840867506915, 
        1.0708109155956278, 
        1.4857282994928553, 
        0.49488935067769857
      ], 
      [
        0.6909449567159082, 
        0.1372608888162562, 
        -1.6122408872328498, 
        3.125640821778023, 
        2.432025155387453, 
        3.291983154483938, 
        0.8998751247812057, 
        0.4030070207702184
      ]
    ], 
    "slopes": [
      [
        0.5299356574265335, 
        0.6993096865469773, 
        0.6780760203005376, 
        0.6776665688847401, 
        0.6017838607196395, 
        0.6013892110495659, 
        0.8469492729494417, 
        0.8640176424342825
      ], 
      [
        0.7883316213445731, 
        0.7342770722617891, 
        0.8045385880171961, 
        0.7959799595721251, 
        0.714546654660507, 
        0.8481195480158619, 
        0.6966629150940981, 
        1.0046166714714804
      ], 
      [
        0.9163207764988426, 
        1.0560432690473127, 
        0.9405363886200766, 
        0.9313064011845398, 
        0.8693812333677243, 
        0.8688160278501424, 
        0.8502969909393506, 
        0.7785332233520583
      ], 
      [
        1.1776911207280898, 
        1.1430947615065783, 
        1.0742059448553478, 
        1.0037259963661107, 
        0.9218084892809976, 
        1.0036286300747708, 
        0.9586048757432748, 
        0.987207458986323
      ], 
      [
        1.4199571755591016, 
        1.1915572429400005, 
        1.1632495795542972, 
        0.957120673948313, 
        1.0552020508620592, 
        1.1242046306489715, 
        1.1341091990453278, 
        1.0992344992574488
      ], 
      [
        1.2900375843864325, 
        1.0666044649778892, 
        1.0427516160246562, 
        1.213566672724529, 
        1.154652669228127, 
        1.1134368279495181, 
        1.223106957335254, 
        1.2566977319980592
      ], 
      [
        1.1616182828484265, 
        1.27896000782857, 
        1.3874444892307336, 
        1.2808089803043345, 
        1.344905965038224, 
        1.2457026190235787, 
        1.22836767501232, 
        1.1837469484222676
      ], 
      [
        1.2807514076379138, 
        1.391812132008386, 
        1.4568246072789939, 
        1.5341752880229234, 
        1.466158651545653, 
        1.4688734171334703, 
        1.3211723220911782, 
        1.1620052344823042
      ]
    ]
  }, 
  "nominal_value": 1,