{
  "cscd": {
    "linear": [
      [
        0.02167939731320319, 
        0.03022823653106035, 
        0.019698328746837974, 
        -0.012595977777243968, 
        -0.013591343620260625, 
        -0.01865624882493189, 
        -0.02576107996087503, 
        -0.023435451324254744
      ], 
      [
        0.035352108949535874, 
        0.03771220045709095, 
        0.01877706444536255, 
        -0.006219463713467214, 
        -0.016213664874793924, 
        -0.026168052895901673, 
        -0.023609209755919888, 
        -0.029575015777579185
      ], 
      [
        0.03803075440712377, 
        0.030746289636392886, 
        0.016573150157172045, 
        -0.007458389000930299, 
        -0.01651056284822171, 
        -0.02934175214376829, 
        -0.03645048775121686, 
        -0.02715341318832031
      ], 
      [
        0.031167083942095514, 
        0.03788356664535873, 
        0.020982187078560692, 
        -0.007073268954633816, 
        -0.014680426596797002, 
        -0.025824372354914936, 
        -0.028757512267740672, 
        -0.028390576556762474
      ], 
      [
        0.031538290646800145, 
        0.03579710173942128, 
        0.017661264915740688, 
        -0.003267968590195255, 
        -0.0195751840745735, 
        -0.025129125845461106, 
        -0.027867953757177426, 
        -0.02712491622677971
      ], 
      [
        0.04039065029283693, 
        0.03214095840613533, 
        0.011436925262457891, 
        0.00215013947277464, 
        -0.009945875240314535, 
        -0.023014056613600325, 
        -0.027018331738196164, 
        -0.027981933021135344
      ], 
      [
        0.03675841640899485, 
        0.03638786075488364, 
        0.015285322223240323, 
        0.001181751164487067, 
        -0.01460220640506658, 
        -0.02307804967343397, 
        -0.023280324967569436, 
        -0.02615685980640606
      ], 
      [
        0.03129728474154897, 
        0.0302101217829864, 
        0.011522705019246222, 
        0.0004444834597545339, 
        -0.015192121948749053, 
        -0.02285281006109957, 
        -0.023720331519908218, 
        -0.01627768008429794
      ]
    ], 
    "quadratic": [
      [
        -0.004104402337266782, 
        -0.002330195405394695, 
        0.0013060856806094377, 
        -0.00248236894410629, 
        0.0017952367926215935, 
        0.0015497843698864067, 
        -0.001225877088495477, 
        -0.001512955910916228
      ], 
      [
        -0.0005281321664211151, 
        -0.00041339505145719635, 
        -0.0004199404110844347, 
        -0.0003830025811620998, 
        0.0009315119563805401, 
        0.00019239852968532648, 
        0.0005916180087892401, 
        0.00022410727926063477
      ], 
      [
        -0.0005860432467240898, 
        -0.002336861584120057, 
        -0.0017598223853359215, 
        -0.0013136152454640221, 
        0.001724129240228437, 
        -0.0019140722770083073, 
        -0.0014944547611149116, 
        0.000536118358773606
      ], 
      [
        2.6218706212075142e-05, 
        -0.0008289572549296762, 
        -0.0005411462397776131, 
        -0.001596617957229198, 
        0.0008004060123879941, 
        0.000144467438590447, 
        -0.00011772501115342583, 
        9.517865547652793e-05
      ], 
      [
        -0.001538665731896773, 
        0.0002744897105825439, 
        -0.00039603664324380105, 
        -0.0013883537436413474, 
        -0.0012671623620895936, 
        0.0005478428993659515, 
        0.0013049105180280658, 
        0.0009457852199785799
      ], 
      [
        -0.00037439251572205315, 
        -0.0011129645510821145, 
        -0.0016210081147662449, 
        -0.000767859130489487, 
        0.0017095628078445742, 
        0.000433572858157858, 
        0.00019812808226704457, 
        -0.0003358630389758874
      ], 
      [
        0.0008954135460212362, 
        -0.0004718917500026115, 
        -0.0010131294965364402, 
        -0.0010475178169146173, 
        0.0001317309923008299, 
        0.00011165703021108371, 
        -0.0003111885723374419, 
        -0.0004302003709644627
      ], 
      [
        -0.004148644391624397, 
        -0.0007789671276048899, 
        -0.0010050908754643559, 
        -0.0007950282893188264, 
        -0.001769806579870229, 
        0.0024285538306495573, 
        0.000547714852879675, 
        0.00021719227665668002
      ]
    ], 
    "slopes": [
      [
        0.03340590181185012, 
        0.03641858835045072, 
        0.016305835054565284, 
        -0.005880247006747899, 
        -0.018082849948191457, 
        -0.022050078501322335, 
        -0.02222625777433476, 
        -0.021148571019021015
      ], 
      [
        0.03612454094149336, 
        0.0393791568319952, 
        0.019527852609664564, 
        -0.004874588871273062, 
        -0.018726564618995405, 
        -0.027454374648335004, 
        -0.02570394112245503, 
        -0.02993965886926793
      ], 
      [
        0.0396860232710938, 
        0.03896340040779553, 
        0.021282335126376357, 
        -0.003675096020213228, 
        -0.020685125226396796, 
        -0.0255694054093527, 
        -0.03266459334137236, 
        -0.02950479387758264
      ], 
      [
        0.03138765074053751, 
        0.04079653995189802, 
        0.023179193678924775, 
        -0.002644583337577681, 
        -0.01640558740163839, 
        -0.02656014894495557, 
        -0.028127450762847582, 
        -0.028995506753689834
      ], 
      [
        0.03463613383092911, 
        0.03629705647253382, 
        0.020075713051536312, 
        0.00011918787939615786, 
        -0.01659223887738381, 
        -0.026542724043165353, 
        -0.031633068657115807, 
        -0.03021538274206757
      ], 
      [
        0.03914452605811455, 
        0.035776211813153026, 
        0.015816804391994465, 
        0.0037509410121485277, 
        -0.014364738334967216, 
        -0.023809602776035436, 
        -0.028922098978460757, 
        -0.027116259150124257
      ], 
      [
        0.034003954808290514, 
        0.0372890120690531, 
        0.018478843788393623, 
        0.003274253151050721, 
        -0.014782841473912258, 
        -0.024109405837480183, 
        -0.023321043068639753, 
        -0.025876231626646828
      ], 
      [
        0.04129356721032484, 
        0.03168327280231724, 
        0.016008414359632815, 
        0.0035629403009464666, 
        -0.012336952102899772, 
        -0.028383478898043966, 
        -0.02484687607385132, 
        -0.017265000161500614
      ]
    ]
  }, 
  "nominal_value": 0.0,