{
  "cscd": {
    "linear": [
      [
        0.6887563549672252, 
        0.8859460238330512, 
        0.8689037249432053, 
        0.880438894378641, 
        0.756938772757224, 
        0.7033738576024762, 
        0.852996721220713, 
        0.9364978079581873
      ], 
      [
        0.8515815438975688, 
        0.8202211924058578, 
        0.8107326764315345, 
        0.8565965042370931, 
        0.7730500782834595, 
        0.9038275409945377, 
        0.6645237250483571, 
        1.0552598156234072
      ], 
      [
        0.8344488306782595, 
        1.055050420850766, 
        0.9284847001013314, 
        0.9576935956517584, 
        0.8625094291541651, 
        0.8477050660769774, 
        0.8078391211700229, 
        0.7119047396418794
      ], 
      [
        1.0287802185104984, 
        1.0628895713584365, 
        1.0485167941348863, 
        0.9782453872533184, 
        0.935781997385786, 
        0.9516395604092495, 
        0.8318787400963319, 
        0.8644648943820678
      ], 
      [
        1.2612955430520056, 
        1.1279840591183947, 
        1.1481784649143363, 
        0.8958731473021762, 
        1.0126081168726115, 
        1.0210130687582186, 
        0.9806548445608774, 
        0.9642545837228557
      ], 
      [
        1.2201406965352577, 
        1.0055795251197264, 
        0.9934821977511954, 
        1.1718766221025387, 
        1.0448212642828816, 
        0.9522153827971108, 
        1.0283279407934063, 
        1.0272853957689616
      ], 
      [
        1.121734446969617, 
        1.1994929649615536, 
        1.3066026842708018, 
        1.1511398109233764, 
        1.2823902937833782, 
        1.0498422515371013, 
        0.9713938172668275, 
        0.874029813086248
      ], 
      [
        1.215072753204959, 
        1.1836938080766646, 
        1.20061151867068, 
        1.2594645008928933, 
        1.2439215670491988, 
        1.2294021605120793, 
        1.0475796382482594, 
        0.7323548506331687
      ]
    ], 
    "quadratic": [
      [
        0.8515446279952615, 
        0.6660868093167464, 
        -0.11990884631673548, 
        -0.40491047380561473, 
        -0.05903511430664876, 
        3.5005416947724557, 
        -2.9816289174729547, 
        -0.452576770408162
      ], 
      [
        0.3973750946976825, 
        1.3575753427812245, 
        0.3257511441203077, 
        -1.6424291993642581, 
        0.091390933157243, 
        -0.5209695495854734, 
        1.5717107804529407, 
        3.563026408419204
      ], 
      [
        -0.5767361274511837, 
        0.36130374396694354, 
        1.3587944258922566, 
        -0.9095222132988926, 
        -0.744670110822484, 
        -1.151428769553925, 
        2.9335479029234697, 
        -2.62890077056094
      ], 
      [
        -1.8336820643416076, 
        0.6536359487601748, 
        -0.6710146129813999, 
        -0.7066391843942094, 
        -0.3469637581793894, 
        -0.5291879680520597, 
        0.15915704885701182, 
        1.6993066545637927
      ], 
      [
        -0.2292255673822642, 
        0.8024408647045235, 
        2.1759815697843488, 
        0.2924669365391017, 
        -0.3599594712548331, 
        0.2571786192871043, 
        0.13534456243058768, 
        1.238302179371474
      ], 
      [
        -0.20471240692643655, 
        -1.5422863346758195, 
        1.9562036720303992, 
        -0.9011562812061699, 
        -1.5783135219582565, 
        0.12523226054833703, 
        -1.5559963921233289, 
        -0.17247001371983206
      ], 
      [
        3.6919620348023647, 
        1.5400242314006616, 
        0.17341717174484406, 
        0.5246562484825729, 
        -0.0430006232874931, 
        2.1788504076753985, 
        1.9856832712992636, 
        0.2810494627517903
      ], 
      [
        1.6873004988166036, 
        -0.2730149885551354, 
        -0.9785304509639717, 
        1.5282443504486183, 
        1.603667664230147, 
        3.469179268182951, 
        0.19491310732789724, 
        -0.16098159112931199
      ]
    ], 
    "slopes": [
      [
        0.6842818547741906, 
        0.8836840704751, 
        0.873674277032265, 
        0.8840884666602757, 
        0.7580375764481304, 
        0.6969878002199337, 
        0.8641792005542521, 
        0.9367128147231448
      ], 
      [
        0.8529156253152524, 
        0.8166885574862297, 
        0.8081702567458908, 
        0.8585592003460882, 
        0.7742552616545751, 
        0.9054651465292036, 
        0.6597755968833403, 
        1.046321632369824
      ], 
      [
        0.8338668259030763, 
        1.0518293953811069, 
        0.9233044862042444, 
        0.9611463941998771, 
        0.8603501218646437, 
        0.8507211187606417, 
        0.8012967158053242, 
        0.7166103417619373
      ], 
      [
        1.0295860115150846, 
        1.0601730050034708, 
        1.0508229596054353, 
        0.9807260374232627, 
        0.9388991681558556, 
        0.954284005442578, 
        0.8304277362912589, 
        0.8557255348299638
      ], 
      [
        1.264667270733955, 
        1.1195756587542078, 
        1.144084907295237, 
        0.8941359068977506, 
        1.0106747688521853, 
        1.0196292308814037, 
        0.9771429207463247, 
        0.9590395328555844
      ], 
      [
        1.2104540259564835, 
        1.013888717951961, 
        0.9889555500440868, 
        1.178224904446989, 
        1.0527321438388397, 
        0.9530784623784204, 
        1.029296722349205, 
        1.0243202197313235
      ], 
      [
        1.1130550976466027, 
        1.1920573463628874, 
        1.300595187593989, 
        1.1409777454472823, 
        1.2804514662444786, 
        1.0451768668529282, 
        0.9569236850335554, 
        0.8636647985461597
      ], 
      [
        1.2241302359627484, 
        1.1883560762802483, 
        1.2068993632723175, 
        1.2570658232516443, 
        1.2354519163078608, 
        1.220741997274936, 
        1.0478390256027044, 
        0.7376217422115102
      ]
    ]
  }, 
  "nominal_value": 1,