{
  "cscd": {
    "linear": [
      [
        -0.48176201006562025, 
        -0.2956806127149778, 
        -0.11002653677625635, 
        0.012255557799353705, 
        0.18792964819999564, 
        0.27043576449049433, 
        0.4258359220867906, 
        0.9584647383720811
      ], 
      [
        -0.36455833935272697, 
        -0.4131258550915243, 
        -0.17328512248140848, 
        -0.022994529510787176, 
        0.08428904033761475, 
        0.3704559795980109, 
        0.3580560627679387, 
        0.688744248556778
      ], 
      [
        -0.4894322669838912, 
        -0.4331683466465277, 
        -0.1317974318164219, 
        -0.03684415260344842, 
        0.13288807123472882, 
        0.3194897850170818, 
        0.3847571258587004, 
        0.6636719694672127
      ], 
      [
        -0.5198678138660565, 
        -0.22638060111615557, 
        -0.19267941356813634, 
        0.04449187107649381, 
        0.24518631182751371, 
        0.2912334283581769, 
        0.5171234214036832, 
        0.6029601475546377
      ], 
      [
        -0.4946278505607633, 
        -0.4176490246471589, 
        -0.10179083140919487, 
        0.0636320247087773, 
        0.05949485949941132, 
        0.34228828204840994, 
        0.4921257975718593, 
        0.6670771634281697
      ], 
      [
        -0.4487669943945307, 
        -0.3101940353690098, 
        -0.14132473167831794, 
        0.04916310694607898, 
        0.025926159152888897, 
        0.4419798638606888, 
        0.4332176743863906, 
        0.46724378340762274
      ], 
      [
        -0.7257224044369628, 
        -0.43451363961995537, 
        -0.23219222686102955, 
        -0.019667582860824817, 
        0.09219704995291957, 
        0.4978558370489931, 
        0.4166640288518305, 
        0.5535993256143883
      ], 
      [
        -0.48576993460232176, 
        -0.14088231142437646, 
        -0.14732448925345937, 
        -0.0134062425613799, 
        0.2155912082636262, 
        0.41517324474283124, 
        0.36170198137489407, 
        0.4395079893226372
      ]
    ], 
    "quadratic": [
      [
        1.0129994766852337, 
        0.667090009101307, 
        0.23524693777472372, 
        -0.518257564439046, 
        -0.9347348117181201, 
        2.9730919819223556, 
        -2.8227251307677568, 
        -2.3316832836674357
      ], 
      [
        0.007305467692545031, 
        -0.15918080225216483, 
        -0.14424813721833463, 
        -1.317383775143309, 
        -0.1370705307517437, 
        -0.8079793328295353, 
        3.892195140830469, 
        5.974510780847453
      ], 
      [
        -1.8935951396249877, 
        -0.01525357615740619, 
        1.7188235557104412, 
        -0.7662201115317904, 
        -1.7285350173763185, 
        -0.12358403394668821, 
        2.1398583432772877, 
        0.557652343851819
      ], 
      [
        -2.432982022149247, 
        1.817551686413266, 
        -0.7266710741958667, 
        -0.8541592120928096, 
        -0.22955019509739638, 
        -1.3145112739311933, 
        -0.26086475166766987, 
        0.5545598637374582
      ], 
      [
        0.08159791276342365, 
        0.17986280402082955, 
        2.805203134850609, 
        1.1061134214628225, 
        -2.203740758357895, 
        0.33850329571266186, 
        -1.7514681673099108, 
        1.5161215998715696
      ], 
      [
        -2.238428606926223, 
        -0.2521650873171866, 
        1.584364853339984, 
        -0.6660598779580468, 
        -0.8227237354437669, 
        -1.4273446503633, 
        -2.4622265377206203, 
        0.0793618386929471
      ], 
      [
        3.9562438921594434, 
        2.6249382178665313, 
        -1.295802698927819, 
        -0.7016895982095974, 
        0.46145325863763353, 
        1.6028462674162491, 
        1.1982641458951284, 
        -0.16016541322771327
      ], 
      [
        3.3917500773439224, 
        -0.7281288645300499, 
        0.29605726182976566, 
        1.4450618415854526, 
        2.2155548930598523, 
        4.28621398240791, 
        1.1255312836301405, 
        -1.9341904063086175
      ]
    ], 
    "slopes": [
      [
        -0.48176880402703043, 
        -0.295178421804186, 
        -0.10972581039186717, 
        0.0123743876860845, 
        0.1887243906168559, 
        0.267288855466594, 
        0.4280634146337085, 
        0.9655493918053342
      ], 
      [
        -0.36532342310406263, 
        -0.4143296684031658, 
        -0.17480064059107345, 
        -0.02372185800042216, 
        0.0845170566318743, 
        0.3717568963325715, 
        0.3543239148944635, 
        0.6747088433412098
      ], 
      [
        -0.49270205338766204, 
        -0.433729515579435, 
        -0.13255318120991325, 
        -0.03732241342753129, 
        0.13403970810798854, 
        0.32072506520233657, 
        0.38557350796218176, 
        0.6580716094948185
      ], 
      [
        -0.5236454667863893, 
        -0.22478893768255637, 
        -0.19289041549549765, 
        0.0442854744491885, 
        0.24377222697652506, 
        0.2931048979043422, 
        0.5161213402890138, 
        0.6024744977252163
      ], 
      [
        -0.49644325138609624, 
        -0.4173929604904462, 
        -0.10224425503770833, 
        0.0635125829184729, 
        0.060010421858432986, 
        0.3404222335701433, 
        0.492436149002911, 
        0.6632530230217788
      ], 
      [
        -0.4523246186346399, 
        -0.3108004856879109, 
        -0.14093917790200944, 
        0.0494727303818741, 
        0.025966445870446227, 
        0.4434686244440606, 
        0.4373616116183876, 
        0.4622836985356333
      ], 
      [
        -0.717753895813762, 
        -0.42992600960787763, 
        -0.23208918520917432, 
        -0.019871776911973595, 
        0.09198165895744119, 
        0.4961277524710516, 
        0.4179239985003661, 
        0.5549383778391536
      ], 
      [
        -0.47961304886280093, 
        -0.14131450879388638, 
        -0.14598208198064036, 
        -0.013008250218532412, 
        0.2159697209856827, 
        0.4030217094184248, 
        0.35895701492581317, 
        0.44896699348848307
      ]
    ]
  }, 
  "nominal_value": 0.25,