{
  "cscd": {
    "linear": [
      [
        0.02764066906146219, 
        0.03091631105675044, 
        0.01638885003788626, 
        -0.008294521084001557, 
        -0.01713267167994945, 
        -0.01882661586303119, 
        -0.026451191967613277, 
        -0.019700453264792812
      ], 
      [
        0.037952812015626336, 
        0.03926702109419287, 
        0.01635721979612646, 
        -0.005939887927142892, 
        -0.016932061025137543, 
        -0.027214719749578505, 
        -0.02431803009251352, 
        -0.030494349584914905
      ], 
      [
        0.04154427469999427, 
        0.032149332505740584, 
        0.01889693059987535, 
        -0.0075438738604852, 
        -0.016467838336134476, 
        -0.031025973528957605, 
        -0.03830159525806278, 
        -0.02726792535989296
      ], 
      [
        0.03343347429583954, 
        0.03815179799714434, 
        0.022448671551736615, 
        -0.005350907292723081, 
        -0.014086622343679618, 
        -0.02637661019209537, 
        -0.027856209241440524, 
        -0.0310709960572185
      ], 
      [
        0.03054369948253083, 
        0.03325333392320541, 
        0.016983376056834535, 
        -0.0033163797274975227, 
        -0.017441078730153766, 
        -0.02630974501744141, 
        -0.02960169296940038, 
        -0.028741060937720216
      ], 
      [
        0.04165731916876259, 
        0.030498248178447398, 
        0.014145613489724476, 
        0.0055664450224865835, 
        -0.008901061761615934, 
        -0.02466715075952824, 
        -0.029851064257470545, 
        -0.03392773177555841
      ], 
      [
        0.03432207648150838, 
        0.03839490005225389, 
        0.023227357832243264, 
        0.003441231859828407, 
        -0.012577840994357548, 
        -0.025136607630939816, 
        -0.02679267635607092, 
        -0.032180739347023035
      ], 
      [
        0.030735961421916105, 
        0.028998861195414765, 
        0.012209882558482219, 
        0.0032174480413898715, 
        -0.011855625938900397, 
        -0.025059473580891008, 
        -0.02847719958811568, 
        -0.02077402633160555
      ]
    ], 
    "quadratic": [
      [
        -0.003564919725847015, 
        -0.003032752267971438, 
        0.00021211895549149497, 
        -0.0013360075742303021, 
        0.0007919670529559794, 
        0.0023147386437960705, 
        -0.0008938587098350771, 
        -0.000331378776529928
      ], 
      [
        -0.00044630138282319623, 
        -0.001100953664473053, 
        -0.001476459192332555, 
        -0.0009706451667626728, 
        0.0007734087235774557, 
        0.0001888212609547717, 
        0.0009976074418962374, 
        0.0009497029463467767
      ], 
      [
        -0.000163600423563001, 
        -0.0019063251911328118, 
        -0.0014436823293775827, 
        -0.0014669780878477524, 
        0.0018695430093012414, 
        -0.0019409972754308503, 
        -0.001080164421621335, 
        0.0009389558353002302
      ], 
      [
        3.449992984860817e-05, 
        -0.00107777053985538, 
        9.682922116278386e-05, 
        -0.001353652376680417, 
        0.0012347103571355798, 
        0.00034913083980538085, 
        0.0007608578693642944, 
        0.000310213763224274
      ], 
      [
        -0.0020882344407628967, 
        -0.0005555477254795697, 
        -0.0010589065215895256, 
        -0.0022288891347191048, 
        -0.0005068472518902504, 
        0.0007451997243287756, 
        0.0018881519069332546, 
        0.0011360917423753618
      ], 
      [
        0.00046483136994472136, 
        -0.0020793209893079923, 
        -0.001657850226864743, 
        -0.0007819883873233115, 
        0.0016937029096171156, 
        0.0008324956374253578, 
        0.0002656511391947404, 
        -0.0010115562300866765
      ], 
      [
        0.00020764255500571312, 
        -0.0008492301822028793, 
        0.0007500797176219499, 
        -0.0015936989740414455, 
        6.239653369211062e-06, 
        0.00043950614931277806, 
        -0.00029022451918288365, 
        -0.0007095232658945789
      ], 
      [
        -0.004390145930882856, 
        -0.0014131682123103095, 
        -0.002585773773955478, 
        -0.0015167592301543647, 
        -0.001202439199220812, 
        0.0026858222754668174, 
        0.0008226529057778468, 
        -0.00025619490839748105
      ]
    ], 
    "slopes": [
      [
        0.03808931519329883, 
        0.038807743860349936, 
        0.01614743893420921, 
        -0.004778511956240983, 
        -0.01896783523112736, 
        -0.02431919317651329, 
        -0.02371440411170208, 
        -0.020398090169307288
      ], 
      [
        0.03904950209433092, 
        0.042844670472275144, 
        0.01953440038470465, 
        -0.0031166576410963593, 
        -0.018974970436604944, 
        -0.02860091883896048, 
        -0.027690735093876272, 
        -0.03345329208674033
      ], 
      [
        0.041503353029181296, 
        0.039752326669844386, 
        0.022803698703831837, 
        -0.0028591418256479835, 
        -0.02087869925245435, 
        -0.027300356148390447, 
        -0.03542458908314823, 
        -0.030500548192760085
      ], 
      [
        0.03298111069051293, 
        0.04151178038951533, 
        0.022392439592913132, 
        -0.0016294468644569107, 
        -0.016607831091509727, 
        -0.027383092442373032, 
        -0.029447010750464214, 
        -0.03240194711593025
      ], 
      [
        0.035985409394465186, 
        0.035598037497333195, 
        0.020837268673499377, 
        0.0026320124044955, 
        -0.016221239907215967, 
        -0.028588720039350715, 
        -0.03485746286298698, 
        -0.03260338096714872
      ], 
      [
        0.03798828873590703, 
        0.03715529700756563, 
        0.01773719794333516, 
        0.006779104823740352, 
        -0.012946659952225386, 
        -0.026143017155949865, 
        -0.03190204510779369, 
        -0.031507171217199426
      ], 
      [
        0.033278231508759346, 
        0.03894012589512887, 
        0.021971918186906796, 
        0.007273728152108864, 
        -0.01212969462904083, 
        -0.026735674447937334, 
        -0.02722088757775592, 
        -0.03153646540789552
      ], 
      [
        0.04074296954568677, 
        0.033651238574644714, 
        0.0201896268437639, 
        0.008571468047173826, 
        -0.010579467864168546, 
        -0.0317551004286063, 
        -0.02992890536569187, 
        -0.021084224520181768
      ]
    ]
  }, 
  "nominal_value": 0.0,