{
  "cscd": {
    "linear": [
      [
        -0.45804799627169346, 
        -0.27548928476878864, 
        -0.1333435469904868, 
        -0.012020538649240778, 
        0.15661224583470798, 
        0.28601779109229863, 
        0.47355573590216193, 
        0.7641524788760451
      ], 
      [
        -0.3598261027450475, 
        -0.4446252122737846, 
        -0.13389575361913364, 
        0.046123205553438636, 
        0.10224042467242311, 
        0.33159292040960237, 
        0.4373075169097539, 
        0.635045150474407
      ], 
      [
        -0.5200766390265411, 
        -0.3592904933398368, 
        -0.12539114350031744, 
        -0.07027914474867858, 
        0.10219829026875234, 
        0.3004192555226428, 
        0.40788678939156753, 
        0.6236520447753706
      ], 
      [
        -0.503041240338143, 
        -0.26832873151852216, 
        -0.1568130083368331, 
        0.021449259105162533, 
        0.21040200449837856, 
        0.2586835318918853, 
        0.4621121262348315, 
        0.5696624580317992
      ], 
      [
        -0.41979437611214343, 
        -0.42864694937692116, 
        -0.09640695386351239, 
        0.04596425994903386, 
        0.09366686860156534, 
        0.28374850211683544, 
        0.4645054867664451, 
        0.5723892385536498
      ], 
      [
        -0.41099753866487454, 
        -0.2655450257058, 
        -0.1151013913353361, 
        0.04323056573892155, 
        0.06453517855680213, 
        0.32636771390771113, 
        0.3869226342945931, 
        0.3826740943848602
      ], 
      [
        -0.6527125572564446, 
        -0.29897901700919155, 
        -0.20539660067104726, 
        -0.0280755188874544, 
        0.15981599422295814, 
        0.3712753446407389, 
        0.4284327039350364, 
        0.3605097293138289
      ], 
      [
        -0.5052867165664109, 
        -0.15616610230524464, 
        -0.1756650904919863, 
        0.0009897955571377404, 
        0.15099261549560655, 
        0.3288167906591825, 
        0.33528473004827153, 
        0.2974660659313741
      ]
    ], 
    "quadratic": [
      [
        0.5611823793875542, 
        0.14683815937314793, 
        -1.0567264246828905, 
        -0.2049570936822638, 
        -1.9321578790076748, 
        0.056626117023947264, 
        -2.1304354804617547, 
        -0.6534889645521116
      ], 
      [
        -0.46527256711670884, 
        0.055194623243970065, 
        -0.038154383350232024, 
        -0.5716066207512798, 
        0.7157059623532013, 
        -1.601666760207907, 
        2.5179069952656383, 
        4.216087393547035
      ], 
      [
        -1.7226046264733623, 
        -0.40585606087878656, 
        2.508823292957521, 
        -0.5409010345003888, 
        -1.1556279915643908, 
        -0.9257176645477724, 
        2.0472588581446587, 
        -0.2529614120819701
      ], 
      [
        -1.7791169037226249, 
        2.235934095742573, 
        -0.7236622064641003, 
        -1.8553519326786956, 
        -0.6483350334715778, 
        -0.349742167245758, 
        0.4304055538461388, 
        0.362449552941884
      ], 
      [
        0.2775037363046151, 
        -0.6008331789780109, 
        1.1623888686395332, 
        1.269472886671261, 
        -1.5891777772901379, 
        0.8348548462400924, 
        -1.7990572207278894, 
        0.39430481518317595
      ], 
      [
        -2.230123428355604, 
        0.3670143476226998, 
        1.0009231788192552, 
        -2.4129823248289783, 
        -0.5253954352882426, 
        -1.9140050013085437, 
        -1.564453870104304, 
        0.12234299841375162
      ], 
      [
        1.9042449785313174, 
        1.1868487700382442, 
        -1.4149392116970934, 
        -1.017386397659987, 
        0.11084636258415313, 
        0.7703262083878056, 
        0.2357643369091783, 
        -0.33173306646808015
      ], 
      [
        0.24335920322563637, 
        -1.5650163900060041, 
        0.14207117703559913, 
        1.2252994666023107, 
        0.9041062063020414, 
        1.4155951515465814, 
        0.9208770921573928, 
        -0.5345857513627001
      ]
    ], 
    "slopes": [
      [
        -0.4583795168217576, 
        -0.2748435417944393, 
        -0.13290892800103152, 
        -0.012030522995752201, 
        0.15804175379402247, 
        0.28670034734161726, 
        0.476096839492854, 
        0.7749726681636451
      ], 
      [
        -0.361552485305186, 
        -0.44553953997281837, 
        -0.13482485600899172, 
        0.04541323482888141, 
        0.10174354320739908, 
        0.3335050336244883, 
        0.43410197212905394, 
        0.6272343631415535
      ], 
      [
        -0.5229168285289205, 
        -0.35995319063528813, 
        -0.12557097113045634, 
        -0.0708469496080554, 
        0.10274981406628496, 
        0.3015726162416317, 
        0.4080188752576003, 
        0.6209075186486198
      ], 
      [
        -0.5077807717963778, 
        -0.26592935235746984, 
        -0.1573008554402933, 
        0.021945338186693843, 
        0.20974215768979676, 
        0.25990997006768224, 
        0.460857531939276, 
        0.568951559117694
      ], 
      [
        -0.4208598575138855, 
        -0.429686217990348, 
        -0.09664772491206082, 
        0.046181633846194496, 
        0.0942769782103959, 
        0.282123466439262, 
        0.4673019953608134, 
        0.5695645606070101
      ], 
      [
        -0.41390860609245334, 
        -0.2654798125700495, 
        -0.11506771601351343, 
        0.04359039458930543, 
        0.06436388012212899, 
        0.3286035274251077, 
        0.3886768288128261, 
        0.3808555145028894
      ], 
      [
        -0.649730667772091, 
        -0.29777797354816155, 
        -0.20588421029151532, 
        -0.028132806745992413, 
        0.15942830006935593, 
        0.369275578276762, 
        0.4309725474753432, 
        0.363164212685899
      ], 
      [
        -0.5048317766377104, 
        -0.1567966332418396, 
        -0.1741754516311911, 
        0.0010849525629378234, 
        0.15098675932327993, 
        0.32557420881402804, 
        0.3323779730958704, 
        0.30131579395808433
      ]
    ]
  }, 
  "nominal_value": 0.25,