{
  "cscd": {
    "linear": [
      [
        0.029908849999570754, 
        0.03099096976779544, 
        0.017929093538651488, 
        -0.007563202400763824, 
        -0.01637257324907153, 
        -0.019087249911191866, 
        -0.019692151794969432, 
        -0.029237920184358165
      ], 
      [
        0.04033269517295969, 
        0.03906954591663694, 
        0.01854493344474743, 
        -0.0076947785680472934, 
        -0.018451449170837114, 
        -0.027268329623237775, 
        -0.02616901515854374, 
        -0.028146699112960766
      ], 
      [
        0.04122875613757997, 
        0.028606920010764644, 
        0.01699255618601492, 
        -0.007121713759022112, 
        -0.015081853964838264, 
        -0.02756388181586119, 
        -0.03371418941596756, 
        -0.0263635833677666
      ], 
      [
        0.03253817638911562, 
        0.036368971952859507, 
        0.019022285458363035, 
        -0.003926839170620178, 
        -0.015836571915135392, 
        -0.02419611750878059, 
        -0.02635103644833494, 
        -0.02732499501456674
      ], 
      [
        0.028717869910654573, 
        0.02962169727451892, 
        0.016728771150210375, 
        -0.00029957308955899143, 
        -0.01738042436230813, 
        -0.02225041412150021, 
        -0.025572507262415375, 
        -0.02494284588412129
      ], 
      [
        0.034880206787086476, 
        0.030779739144111536, 
        0.013909399307909727, 
        0.004823781043287248, 
        -0.010038649189721263, 
        -0.019847516208902644, 
        -0.02311481681400597, 
        -0.026149940989703097
      ], 
      [
        0.03155365298593573, 
        0.028560299989368487, 
        0.018719662711741625, 
        0.0041629250360479784, 
        -0.014012751494221466, 
        -0.01890536345276513, 
        -0.0206779286440978, 
        -0.02257484580749568
      ], 
      [
        0.030968432539401007, 
        0.026121675913485444, 
        0.018202042400085217, 
        0.0007106654802513422, 
        -0.006695696982371406, 
        -0.02414051694613465, 
        -0.017181233925597138, 
        -0.020128487681500766
      ]
    ], 
    "quadratic": [
      [
        -0.0031107543676628757, 
        -0.0026726148543240167, 
        0.0006992746005437748, 
        -0.0007771154712068016, 
        0.000901070003391231, 
        0.0018913171589667736, 
        0.0018826223388421425, 
        -0.002749141174679468
      ], 
      [
        -0.00025380432623180296, 
        -0.000795523309387809, 
        -0.0008253778695811577, 
        -0.001548971618804823, 
        0.00040115563312999287, 
        -0.0003979032104231756, 
        0.0003591681760336862, 
        0.00034736678517361096
      ], 
      [
        0.0001643457969444344, 
        -0.002659597900529465, 
        -0.0015313734667342417, 
        -0.001073414477899856, 
        0.002158169355991602, 
        -0.0011994893377521034, 
        -0.0007170476222205036, 
        0.0005837366010398333
      ], 
      [
        -0.00041701693634278275, 
        -0.0006340642895945556, 
        -0.0005614196378758084, 
        -0.0009974678041579275, 
        -0.00026273005324187854, 
        -9.97239971289865e-06, 
        0.0005401926553120761, 
        5.1454590172169726e-05
      ], 
      [
        -0.001957443765478859, 
        -0.0007705739342719098, 
        -0.0009963839303798864, 
        -0.0011579359640775415, 
        -0.001161872159365912, 
        0.00037976560903550135, 
        0.0006694846820629398, 
        0.0011619563338410384
      ], 
      [
        -8.583948666762709e-06, 
        -0.0004930241744996204, 
        -0.0013457221053259105, 
        -0.00018998110821307805, 
        0.0010734633517589618, 
        0.0004608474136711263, 
        0.0007696662749562479, 
        -0.000311279042822774
      ], 
      [
        -4.547249436906663e-05, 
        -0.0014230666395523715, 
        7.575299836875909e-05, 
        -0.0003442966028813107, 
        -0.00115459377895454, 
        0.001338292639073009, 
        -0.0005791137146720276, 
        -0.00014107109315011264
      ], 
      [
        -0.0018951758835494526, 
        -0.0015942958326800106, 
        -0.0003361913451774408, 
        -0.002200101171891008, 
        0.00040762929025769284, 
        0.0010287038567775835, 
        0.0010419244248943958, 
        -0.0006057842993098782
      ]
    ], 
    "slopes": [
      [
        0.03952197313853328, 
        0.0382249188223872, 
        0.01637010559525611, 
        -0.00514194331478604, 
        -0.01863689786857056, 
        -0.023704680917299784, 
        -0.023612348872490183, 
        -0.023395017726972618
      ], 
      [
        0.04074516937744653, 
        0.04174737304824427, 
        0.020257294647906952, 
        -0.003748424361752035, 
        -0.01907072213241991, 
        -0.026742827041797753, 
        -0.02768726748142968, 
        -0.02962127763961658
      ], 
      [
        0.040637152268033105, 
        0.03741958857598654, 
        0.021387355079446464, 
        -0.0035244683317000257, 
        -0.020390894811215834, 
        -0.025767719784821477, 
        -0.03168294388947942, 
        -0.02901129289890609
      ], 
      [
        0.03260746180935569, 
        0.038769016387644635, 
        0.020585184237312187, 
        -0.0005833529425140951, 
        -0.01510899870270651, 
        -0.024298146871099095, 
        -0.027669261448244567, 
        -0.02763494013093082
      ], 
      [
        0.03397526351804645, 
        0.0326699848260833, 
        0.020395817107139603, 
        0.0023504899212614294, 
        -0.014465512910350274, 
        -0.0235824558608829, 
        -0.02769762197739731, 
        -0.028465671364161175
      ], 
      [
        0.0334588886133615, 
        0.03237544658662199, 
        0.01712893217375534, 
        0.004886339869862031, 
        -0.012201521012955657, 
        -0.020721135535787673, 
        -0.026036434718775495, 
        -0.025700191848741536
      ], 
      [
        0.030814916621811277, 
        0.03159666998187445, 
        0.018747704613312953, 
        0.005420773967048993, 
        -0.010849771998147436, 
        -0.022409428055991037, 
        -0.02023608153107364, 
        -0.022822142551366942
      ], 
      [
        0.036184977488325824, 
        0.03188226008083823, 
        0.019425873506770122, 
        0.007295428801597605, 
        -0.009177312988762223, 
        -0.026627440598106074, 
        -0.019641310968376815, 
        -0.018831194432739843
      ]
    ]
  }, 
  "nominal_value": 0.0,