{
  "cscd": {
    "linear": [
      [
        0.6923443166234461, 
        0.930427159399567, 
        0.8838858428959177, 
        0.9045208389977688, 
        0.8220509235831304, 
        0.7640379891951641, 
        1.0475449383192572, 
        1.0535006292649638
      ], 
      [
        0.8910993323642145, 
        0.8816160243864801, 
        0.8622701221249907, 
        0.8906203797681315, 
        0.839886799106172, 
        0.9317741292277095, 
        0.7680394983949321, 
        1.0286013213785024
      ], 
      [
        0.8854151455581359, 
        1.0965366721875638, 
        0.9694167087789947, 
        0.9733885713917004, 
        0.916139944535772, 
        0.8607479104195334, 
        0.9213681780424713, 
        0.7948380465210534
      ], 
      [
        1.1103600701855134, 
        1.0822123693440662, 
        1.076130691218468, 
        1.0027571426772457, 
        0.9602650627306962, 
        1.0482821729478284, 
        0.9360098519180393, 
        1.0014712331299525
      ], 
      [
        1.2654254051966625, 
        1.191728531936779, 
        1.1283423751942032, 
        1.0256216324522125, 
        1.0659276236515292, 
        1.083712439638721, 
        1.0640113837622018, 
        1.066697191032556
      ], 
      [
        1.1995273362960326, 
        1.0847656511509887, 
        1.1025329509908288, 
        1.1762879668989836, 
        1.0970091829249056, 
        1.0555868355070837, 
        1.1575944689850648, 
        1.1666665735363375
      ], 
      [
        1.1186475147857715, 
        1.2884043978716553, 
        1.2925904658006604, 
        1.2180628863042513, 
        1.2788604353173016, 
        1.2143587550044344, 
        1.2125218835895828, 
        1.1688143034855711
      ], 
      [
        1.2487813021061305, 
        1.2350055606033714, 
        1.2539482912953044, 
        1.2558300460499296, 
        1.3322543808303706, 
        1.4192830664055993, 
        1.2505035277929157, 
        1.1700181270500787
      ]
    ], 
    "quadratic": [
      [
        0.28609164139891013, 
        0.08371225904342394, 
        -0.5489175224785175, 
        -0.2644632637980812, 
        -0.7800008178087144, 
        1.1715528237041224, 
        -0.5508109049494994, 
        0.9071172838863719
      ], 
      [
        0.24975673373028284, 
        1.1942881521131044, 
        0.3758491126888335, 
        -0.8321264131033205, 
        0.82644324426807, 
        -0.801604247518545, 
        0.48193559882593656, 
        2.1601133160043604
      ], 
      [
        -0.6536920064877282, 
        0.2250466523011767, 
        1.67174396359997, 
        -0.4759112029885539, 
        -0.2597548564717065, 
        -1.666315153748487, 
        2.7720393691046112, 
        -2.3567132549681027
      ], 
      [
        -1.0962674237276975, 
        0.6019414977336892, 
        -0.7047673370316064, 
        -1.233907071168699, 
        -0.7160671405204531, 
        -0.001339072986654477, 
        0.9529886804847041, 
        0.9714190207860969
      ], 
      [
        0.26812244573612554, 
        0.5048493844712889, 
        0.857917173236491, 
        0.706133469950864, 
        -0.35885796064942466, 
        -0.020225196649876764, 
        -0.7835043842872496, 
        0.17391377463306998
      ], 
      [
        -0.8093307398998794, 
        -1.0566622671156107, 
        0.8786040994879722, 
        -1.741948377662768, 
        -0.6975901475186264, 
        -0.1064055788575633, 
        -1.2342155793573977, 
        -0.3178967200959173
      ], 
      [
        2.4578071993543977, 
        0.6227047862871937, 
        -0.30618056647853864, 
        -0.2956671421993584, 
        -0.8690558431689405, 
        1.3017675112996412, 
        0.7175862618034679, 
        -0.2128841489662403
      ], 
      [
        0.07158531243932931, 
        -0.7612586649588909, 
        -0.07488869713014745, 
        0.6004630121970818, 
        1.2084796456502005, 
        1.488012504023918, 
        0.3485764507409197, 
        0.1960354516331947
      ]
    ], 
    "slopes": [
      [
        0.6894232706104112, 
        0.9295177988998156, 
        0.8869908551677858, 
        0.9047371147894792, 
        0.8253776811749917, 
        0.7627353944306058, 
        1.0486359191665084, 
        1.0539820937341897
      ], 
      [
        0.8933182366625171, 
        0.8782698499356016, 
        0.8598844880793987, 
        0.8909616876606918, 
        0.8401508937536313, 
        0.9321709545343099, 
        0.7651962599414635, 
        1.0269242060925803
      ], 
      [
        0.8838162242383569, 
        1.0939214009235934, 
        0.9640981554748286, 
        0.9778834972940823, 
        0.9150347247477997, 
        0.8650060827542629, 
        0.9136361845644555, 
        0.8013418248553208
      ], 
      [
        1.1113286949994883, 
        1.0807658763580703, 
        1.0781236086918806, 
        1.005044146622625, 
        0.9628165855756458, 
        1.0489529744947703, 
        0.9335060867257708, 
        0.9956720382094792
      ], 
      [
        1.2626006816664184, 
        1.1838264260296851, 
        1.12850106041277, 
        1.021804132731369, 
        1.066012566390173, 
        1.0842977419738524, 
        1.0648572223432646, 
        1.0660381864445279
      ], 
      [
        1.1955127824391774, 
        1.0917494518933368, 
        1.1008857139898125, 
        1.182437009112352, 
        1.1019179119181803, 
        1.0538409536532618, 
        1.1588801629308594, 
        1.167690065418316
      ], 
      [
        1.1139213974400588, 
        1.2852148731066997, 
        1.2912146533858355, 
        1.2177101231585237, 
        1.282054122619691, 
        1.2102862172236, 
        1.2056491117838666, 
        1.1672873451337513
      ], 
      [
        1.2605369630669399, 
        1.2319608765387382, 
        1.2531551702680699, 
        1.2543002553755078, 
        1.3284795588661726, 
        1.4128175606178963, 
        1.2481558193307707, 
        1.1735789316194165
      ]
    ]
  }, 
  "nominal_value": 1,