{
  "cscd": {
    "linear": [
      [
        -0.43681655384560525, 
        -0.315321650280344, 
        -0.10238834415610609, 
        -0.004244483822961165, 
        0.14595394426399258, 
        0.24493547813754288, 
        0.375212209575621, 
        0.8553344105352096
      ], 
      [
        -0.34317887864415964, 
        -0.3877920387034042, 
        -0.15005580373526542, 
        -0.009221847794594926, 
        0.09702593253396542, 
        0.34297232465284205, 
        0.3669704561333807, 
        0.5822917708127392
      ], 
      [
        -0.48980636010342143, 
        -0.41414232703758525, 
        -0.11924680470869697, 
        -0.043898006089398534, 
        0.14804034191457816, 
        0.317569171520397, 
        0.38024263874393827, 
        0.5864206265800316
      ], 
      [
        -0.5049535389605955, 
        -0.2899863600763297, 
        -0.1385019531388691, 
        0.04928764308770328, 
        0.20702072515205666, 
        0.2780711373761975, 
        0.5069274154197612, 
        0.5494179132628871
      ], 
      [
        -0.5091723132791985, 
        -0.36724359892342195, 
        -0.1350137364206092, 
        0.048063617340226135, 
        0.08515650761454563, 
        0.32358956909250747, 
        0.4403699826789438, 
        0.5998103101567674
      ], 
      [
        -0.4550669741781828, 
        -0.3371246979235463, 
        -0.11167754377934878, 
        0.041988171724001745, 
        0.059110468869289966, 
        0.4158040479068718, 
        0.4108270648961255, 
        0.4250675136685574
      ], 
      [
        -0.630697328882174, 
        -0.3450857889536612, 
        -0.16091361300688206, 
        -0.012488885703894281, 
        0.11586619933978168, 
        0.4708969235865369, 
        0.3304197304998935, 
        0.4305262931564993
      ], 
      [
        -0.38400540567776387, 
        -0.08103439547021907, 
        -0.017968010105068464, 
        -0.04465537825090693, 
        0.1971170774897719, 
        0.26793161828115164, 
        0.30906792854305737, 
        0.33611080370276936
      ]
    ], 
    "quadratic": [
      [
        2.0401159246816016, 
        -0.21708766946617167, 
        -0.2792075027039114, 
        0.0808419565972801, 
        -1.982045927493694, 
        2.766423684556457, 
        -0.05655798101515552, 
        -0.6652106082028288
      ], 
      [
        0.6671044496373089, 
        -0.04014727774846216, 
        -0.941998376485801, 
        -1.4057913077243285, 
        0.9507394353405009, 
        -2.0664616441578993, 
        2.4587398103778293, 
        5.267572754077758
      ], 
      [
        -0.8012631097788984, 
        0.08865556601492572, 
        2.02011624447044, 
        0.36359035671019124, 
        -1.7175461681986282, 
        -0.5935679753051599, 
        2.348123739103781, 
        -0.42241370563735736
      ], 
      [
        -1.6287093224463947, 
        2.5280860653697212, 
        -1.1506616291995782, 
        -0.6934342950833488, 
        -0.8699833500691728, 
        -1.0256059899245469, 
        -0.07067694543894643, 
        -0.10375555363292902
      ], 
      [
        -0.19266128755290968, 
        0.016584237138957847, 
        2.149400408592269, 
        0.2981950402762011, 
        -1.6243720012243976, 
        0.41980288461414184, 
        -1.1742940373876753, 
        1.114110457556858
      ], 
      [
        -2.4426023247421136, 
        -0.09861040197767748, 
        1.2730867882149106, 
        -0.651307414647955, 
        -1.0302396295230802, 
        -1.391422472886242, 
        -1.1979178850757193, 
        -0.3885613821887158
      ], 
      [
        3.710348043226044, 
        2.8805786320533304, 
        -1.4098189292767078, 
        0.4372086919542181, 
        0.8788618558876751, 
        0.9708214278816863, 
        0.6249275331290871, 
        0.5207896656169956
      ], 
      [
        3.1330153322574033, 
        0.7958510726987603, 
        -1.3750089855644516, 
        3.575148475852715, 
        2.6858060865313917, 
        3.4762860320826627, 
        0.7679529851267791, 
        -0.3229970097519659
      ]
    ], 
    "slopes": [
      [
        -0.4354950782254676, 
        -0.3159321635114328, 
        -0.10170305169480194, 
        -0.004139916849760211, 
        0.14799100428589787, 
        0.24154353761997815, 
        0.37591375288152384, 
        0.8604350371248223
      ], 
      [
        -0.34370298135725247, 
        -0.38893318470735, 
        -0.15106834537738842, 
        -0.009821610433215845, 
        0.09653960246857275, 
        0.345342419841664, 
        0.36429645986301157, 
        0.5713752400643706
      ], 
      [
        -0.49060642597590853, 
        -0.4152745753838378, 
        -0.1194219985070847, 
        -0.04380399310183091, 
        0.1488497819648014, 
        0.31916023503241436, 
        0.3815367466918806, 
        0.5824247482211374
      ], 
      [
        -0.5069009674330087, 
        -0.2870233275799713, 
        -0.13845170481384564, 
        0.049066868969218275, 
        0.20637138004538028, 
        0.2795193903270139, 
        0.5066564737122171, 
        0.5499047477916986
      ], 
      [
        -0.5118860491913854, 
        -0.36674578114132644, 
        -0.13537710262941446, 
        0.04801595802150606, 
        0.08590169429887567, 
        0.32149159619232726, 
        0.440630745006731, 
        0.5961453088560053
      ], 
      [
        -0.4610288590386389, 
        -0.3373111437041229, 
        -0.1110843858295353, 
        0.04210534891531929, 
        0.05926094168249603, 
        0.4169309840786399, 
        0.4123182858188204, 
        0.42107321463340414
      ], 
      [
        -0.6246841149802785, 
        -0.34155922205476386, 
        -0.16111519762184387, 
        -0.012588934132728885, 
        0.1153774968211454, 
        0.469891461548822, 
        0.3318150998148232, 
        0.43070570533271574
      ], 
      [
        -0.37867257284397404, 
        -0.08171571937305665, 
        -0.016696883367837517, 
        -0.043555941798619435, 
        0.19834839233285737, 
        0.26061631492841864, 
        0.30799414399171315, 
        0.3411143741794117
      ]
    ]
  }, 
  "nominal_value": 0.25,