{
  "czbin_midpoints": [
    -0.9375,
    -0.8125,
    -0.6875,
    -0.5625,
    -0.4375,
    -0.3125,
    -0.1875,
    -0.0625,
    0.0625,
    0.1875,
    0.3125,
    0.4375,
    0.5625,
    0.6875,
    0.8125,
    0.9375
  ],
  "nuall_nc+nuallbar_nc": {
    "histo": [
      2.0965662228785243e-05,
      2.0945453600512688e-05,
      2.1886987676411398e-05,
      2.1789844558036378e-05,
      2.1663556554459446e-05,
      1.9570442717393663e-05,
      2.021749140339611e-05,
      2.150224218321672e-05,
      2.1452758787544232e-05,
      2.0866316314199293e-05,
      1.9358483144225714e-05,
      2.0890583599891657e-05,
      2.1796605467873476e-05,
      2.2393329117488668e-05,
      2.0864688432438615e-05,
      1.991488286359581e-05
    ],
    "histo_err": [
      3.9169341605206784e-07,
      4.017584721603556e-07,
      4.161595885744641e-07,
      4.1864858688389795e-07,
      4.1932955220972885e-07,
      3.885441876958015e-07,
      3.978002612735411e-07,
      4.175389446823309e-07,
      4.2416309522549575e-07,
      4.195134979825792e-07,
      3.92545080824026e-07,
      4.2257127501149114e-07,
      4.361939042620738e-07,
      4.5539736643750564e-07,
      4.333663518340546e-07,
      4.207786996147006e-07
    ],
    "smooth": [
      2.0916502850801344e-05,
      2.1310959411066842e-05,
      2.1477616868534614e-05,
      2.1435051863013044e-05,
      2.123536072127855e-05,
      2.09517718808633e-05,
      2.0666258313842733e-05,
      2.04571499506233e-05,
      2.038674610373006e-05,
      2.0488927891594317e-05,
      2.0756770662341298e-05,
      2.1130156417577725e-05,
      2.148338623617956e-05,
      2.1612792698079512e-05,
      2.122435230805481e-05,
      1.9921297919514746e-05
    ]
  },
  "nue_cc+nuebar_cc": {
    "histo": [
      7.233334098042475e-05,
      7.41423632985747e-05,
      6.963026695433755e-05,
      7.162537602892418e-05,
      6.981203158205109e-05,
      7.209691767557876e-05,
      7.188684389646521e-05,
      7.17132977451486e-05,
      6.974177070948544e-05,
      7.292227230636647e-05,
      6.869046713454893e-05,
      6.806981626151762e-05,
      7.900741959564428e-05,
      7.137944614272289e-05,
      7.597992194383951e-05,
      7.305968277922054e-05
    ],
    "histo_err": [
      1.1541248323572033e-06,
      1.178944012646574e-06,
      1.1224849544681467e-06,
      1.1582651066765102e-06,
      1.142465567068498e-06,
      1.1637621086474232e-06,
      1.1753184745187053e-06,
      1.184898731979332e-06,
      1.1460831136061314e-06,
      1.1965731223074097e-06,
      1.1445232399306738e-06,
      1.135285604410562e-06,
      1.3077401140126663e-06,
      1.2000359580586144e-06,
      1.2693326142820645e-06,
      1.230198101219906e-06
    ],
    "smooth": [
      7.335307369393149e-05,
      7.139103093117125e-05,
      7.102491029098201e-05,
      7.128066043105107e-05,
      7.156489605326365e-05,
      7.159349185718663e-05,
      7.132017649355212e-05,
      7.08651265177411e-05,
      7.044356034326725e-05,
      7.029433219526033e-05,
      7.060852606395002e-05,
      7.145804965814952e-05,
      7.27242283587392e-05,
      7.402639917215023e-05,
      7.465050468384825e-05,
      7.3477687011817e-05
    ]
  },
  "numu_cc+numubar_cc": {
    "histo": [
      4.729089023235717e-05,
      5.518615250716356e-05,
      5.8797669702205516e-05,
      6.150315810105481e-05,
      6.43711863059254e-05,
      6.97493855083927e-05,
      6.885492081467177e-05,
      7.085613106641368e-05,
      6.936844648521899e-05,
      6.714650322727837e-05,
      6.522846100649892e-05,
      6.573231715824277e-05,
      6.331464646519142e-05,
      5.336965385690342e-05,
      5.176982289502434e-05,
      4.74981409405047e-05
    ],
    "histo_err": [
      8.075952333574236e-07,
      9.128226886353822e-07,
      9.750978008562932e-07,
      1.0081130399101052e-06,
      1.0486632916047349e-06,
      1.1184624656949925e-06,
      1.1147762613262092e-06,
      1.1518657663019739e-06,
      1.1261942490076077e-06,
      1.1032855037176583e-06,
      1.0814483555424313e-06,
      1.117806028705964e-06,
      1.0759149457783759e-06,
      9.530295331589896e-07,
      9.374039076580169e-07,
      8.767435085764946e-07
    ],
    "smooth": [
      4.758479493544573e-05,
      5.416683054230459e-05,
      5.8994472462334377e-05,
      6.262461008658205e-05,
      6.540136687694681e-05,
      6.749683673916741e-05,
      6.895182039580927e-05,
      6.97165617592516e-05,
      6.96914843046747e-05,
      6.876792744304707e-05,
      6.686888289411257e-05,
      6.398973105937764e-05,
      6.023897739509852e-05,
      5.5878988785268286e-05,
      5.1366729914604204e-05,
      4.7394499641534784e-05
    ]
  },
  "nutau_cc+nutaubar_cc": {
    "histo": [
      4.089840344871989e-05,
      4.345953614517049e-05,
      4.176196733637141e-05,
      4.225624920167622e-05,
      4.325491244275545e-05,
      3.983370694983862e-05,
      4.639344843233442e-05,
      4.236167559874194e-05,
      4.704743537216452e-05,
      4.533808328516858e-05,
      4.39206553629059e-05,
      4.5275908038625515e-05,
      4.445382833847122e-05,
      4.73557254509668e-05,
      4.4187216804664664e-05,
      4.524885248377308e-05
    ],
    "histo_err": [
      9.104283520786866e-07,
      9.742233814487813e-07,
      9.428257773222791e-07,
      9.520457792479511e-07,
      9.879259216784819e-07,
      9.218888557345705e-07,
      1.0172436497721506e-06,
      9.6676855413113e-07,
      1.0522757384183247e-06,
      1.0251294985213782e-06,
      9.961406926643795e-07,
      1.0289979099687617e-06,
      1.027714003859357e-06,
      1.0581129249993106e-06,
      1.000643415813799e-06,
      1.0197288626520661e-06
    ],
    "smooth": [
      4.137804704880176e-05,
      4.215981940776298e-05,
      4.233090302892746e-05,
      4.232941558840982e-05,
      4.241751233634019e-05,
      4.271374765659459e-05,
      4.322543662652505e-05,
      4.3881016576689825e-05,
      4.4562408650583714e-05,
      4.513737936436815e-05,
      4.5491902166601504e-05,
      4.556251899796929e-05,
      4.536870185101438e-05,
      4.50452143298672e-05,
      4.4874473209976e-05,
      4.531890999783702e-05
    ]
  }
}